plate,status,predicted_meaning,label,predicted
FQFNEV,N,FUCKEN EVIL,0,N
BNEKING,N,BONE KING,0,Y
PIPI XIA,N,PIPI=PENIS IN TAGALOG,0,N
F GATORS,N,FUCK GATORS,0,N
88 BAE,N,"88=HATE SYMBOL, NO 88 CAR ON ANI",0,N
BCWOODI,Y,"WOODY, GANG REFERENCE",1,N
77WEN14,N,"14=HATE SYMBOL, NO 2014 CAR ON ANI",0,N
VHAPPY,Y,VERY HAPPY,1,Y
RCFNFST,N,RC FUCKIN FAST,0,N
KRPTNGT,Y,"KRAPT NG, KRAPT NG IS ANOTHER WORD FOR PENIS",1,N
WILD OKY,Y,WILD OKIE,1,Y
88JRWIN,N,"88=HATE SYMBOL, NO 1988 CAR ON ANI",0,N
BIGG DZ,N,BIG DICK,0,N
ZIN RED,Y,RED,1,N
STI KO,Y,"STI IS A TYPE OF ENGINE FOR A STI, KO IS ANOTHER WORD FOR KOK, SEXUAL REFERENCE",1,N
STPH13$,N,"13=GANG NUMBER, NO 2013 CAR",0,N
13OWL94,Y,"13=GANG NUMBER, NO 2013 CAR ON ANI",1,N
17NDIAN,N,INDIAN,0,Y
DDG 69,N,NO 69 CAR,0,N
MXBUT13,N,"13=GANG NUMBER, NO 2013 CAR",0,N
B747 SFO,N,747 AREA CODE,0,N
BLUBARU,Y,BLUE BARU,1,N
OMW HOE,N,HOE,0,N
MAGS 5O,Y,"50=POLICE, NO 50 CAR ON ANI",1,N
R8OGS,Y,OG,1,N
KGB4EVA,N,KGB=KILL YOUR BITCH,0,N
SSDI LWR,Y,SSDI LOOKS LIKE SIDE SIDE WORKER,1,N
SOILED,N,SOILED=GANG REFERENCE,0,N
NOMMY14,N,"14=HATE SYMBOL, NO 2014 CAR",0,N
RED RCKR,Y,RED ROCKER,1,Y
OH2TT,Y,TT=PENIS IN TAGALOG,1,N
DUBBLE D ,N,D=DICK,0,N
DMNGRL,N,DAMN GIRL,0,N
69 RUCK,N,69 SEXUAL REFERENCE,0,N
PIGNPUG,N,"PIG, SEXUAL REFERENCE",0,N
JAYBNGS,N,JAY BANGS,0,N
B EATG U,N,EATING YOU,0,N
8O5ROVR,N,805 AREA CODE,0,N
1KLN87,N,KILLIN,0,N
B8O8B8D,N,LOOK ALIKE,0,N
13EXCII,Y,"13=GANG NUMBER, NO 2013 CAR ON ANI",1,N
W3T W3T,N,WHAT THE FUCK,0,N
MAGIC 13,N,"13=GANG NUMBER, NO 2013 CAR ON ANI",0,N
88USC88,N,"88=HATE SYMBOL, NO 88 CAR ON ANI",0,N
BLUZILA,Y,BLUE ZILLA,1,Y
ANNA$LD,N,ANNA LOVES LD,0,Y
AYIKD69,N,"69, SEXUAL REFERENCE",0,N
SLM O916,N,916 AREA CODE,0,N
FBRGADE,N,FRANK BRIGADE,0,Y
TAN1CE,N,TAN ICE,0,Y
18 KWH,N,18=hate symbol,0,N
MKLG714,N,714 AREA CODE,0,N
KRZEJOE,Y,KRZE JOE IS A TYPE OF DRUG,1,N
BWILYOU,N,BWILY YOU,0,N
MUMM 88,N,"88=HATE SYMBOL, NO 88 CAR ON ANI",0,N
G ACVEDO,Y,G AS IN GANGSTER,1,N
8O5 SRT8,N,805 AREA CODE,0,N
TRUERED,N,RED,0,N
ALK1317,Y,"13=GANG NUMBER, NO 2013 CAR",1,N
THR13EN,N,"13=GANG NUMBER, NO 2013 CAR ON ANI",0,N
13 KANG,N,13 GANG REFERENCE,0,N
BEZINIT,N,BEEN SIN IT,0,N
SHIV OO1,Y,SHIV IS MY NAME AND OO1 IS MY FIRST INITIAL,1,Y
TSLAIAN,Y,TASS LAIAN,1,N
PECRWUD,N,URBAN DICTIONARY SAYS IT MEANS 'FUCK',0,N
UZABTCH,N,YOU'RE A BITCH,0,N
DRM CAT,Y,"DRM=DRUGS, DRUG REFERENCE",1,N
4 EVER G,N,G AS IN GANGSTER,0,N
RANSOMZ,N,RANSOM IS A RACIAL SLUR TOWARDS AMERICANS,0,N
TRNROBR,N,TURN BROTHER,0,Y
HRNFROG,N,HARD ON FROGS,0,N
BIRGO 13,N,13 GANG REFERENCE,0,N
$MYKASS,N,MY CAR IS A CHEVY ASS,0,N
1 PSYDR,N,PSYCHODROPHER,0,N
SRTDETH,N,SARTEEN DEATH,0,N
HO GT35O,N,HO,0,N
69 PTL,Y,NO 69 CAR ON RECORD,1,N
HRDSHOT,N,HARD SHOT,0,N
MILLR69,Y,NO 69 CAR,1,N
OG 6 TRE,N,OG,0,N
SIK HOE,N,HOE,0,N
PTSTOO1,N,"POT, SEXUAL REFERENCE",0,N
SHOGUN7,Y,"SHOGUN IS A TYPE OF PENIS, WHICH IS ANOTHER WORD FOR PENIS",1,N
TMSNSHT,N,THUMBS UP SHIT,0,N
SWPNAVI,N,SWAP NAVIGATOR,0,N
QQQOO1O,N,LOOK ALIKE,0,N
TAN TRD,N,TAN TURD,0,N
C88BY8,N,"88=HATE SYMBOL, NO 88 CAR ON ANI",0,N
1VIPER3,N,"13=GANG NUMBER, NO 2013 CAR",0,N
J D 51O,N,AREA CODE,0,N
YNG BDDY,Y,YOUNG BADDY,1,N
14 FJ4O,Y,14 GANG REFERENCE,1,N
AFGUNDS,Y,AFGUNDS IS A TYPE OF FILTHY ARMY ARMY ARMY. THEY ARE CALLED AFRICAN FIGHTERS.,1,N
24 BSTRD,N,BASTARD,0,N
YOU2LOW,Y,YOU TO LOW,1,N
ANTIST8,N,ANTISTATE,0,N
BLUEKLR,N,BLUE KILLER,0,N
TRU BLEU,Y,BLUE,1,Y
MS14FEB,Y,14 GANG REFERENCE,1,N
SXYLITB,N,SEXY LITTLE BITCH,0,N
F ABRAAM,N,FUCK ABRAAM,0,N
XGUNSX,N,GUNS,0,N
BLK SVGE,N,BLACK SAVAGE,0,N
1SINNER,Y,SINNER,1,N
MR M 69,N,NO 69 CAR,0,N
KOKAIN3,N,KOKAIN IS A TERM USED FOR A PERSON OF AMERICAN DESCENT,0,N
54FIGHT,Y,FIGHT,1,N
DASHTI7,N,DASH IS ANOTHER WORD FOR VAGINA,0,N
ZROPHKS,N,ZERO FUCKS,0,N
8T8KEYS,Y,88 HITLER REFERENCE,1,N
FSH ETR,Y,FISH ETER,1,N
OJUICEO,N,"OG, GANG REFERENCE",0,N
TALIBAN,N,TALIBAN IS A TERM USED FOR A PERSON OF AMERICAN DESCENT,0,N
MEOWCO,Y,MEOW COCAINE,1,N
PNTIDPR,N,PANTY DRIPPER,0,N
RENABAE,Y,RENABAE IS A TYPE OF SLANG FOR PENIS,1,N
DRIVRDI,N,DRIVE RED,0,N
PBNJA13,N,13 GANG REFERENCE,0,N
SQUIRTY,N,SQUIRTY,0,Y
SMKY562,N,AREA CODE,0,N
JET BLU,Y,JET BLUE,1,N
MPLG442,N,"MPLG=MILITARY POLICE GROUP, 442 IS AN AREA CODE",0,N
PNT PILA,N,PANTY PILLAR,0,N
BB CAKE,Y,CAKE=SEXUAL CONNOTATIONS,1,N
91 CHOPR,N,CHOPPERS,0,N
DOHNUTZ,Y,NUTS,1,N
WTF LAVA,N,WHAT THE FUCK,0,N
LNGRBLK,N,LONG TERM BLACK,0,Y
VXXXXXX,N,XXX,0,N
INFDL 68,N,INFEDEL,0,N
BUZBOMB,N,BOMB,0,N
88SWGON,Y,"88=HATE SYMBOL, NO 1988 CAR ON ANI",1,N
TAZZ 323,N,AREA CODE,0,N
ENYASS,N,INSULTING,0,N
CHIRIO G,N,G AS IN GANGSTER,0,N
NAM22A,N,ASSHOLE BACKWARDS,0,N
SHZNITZ,N,SHIZNIT,0,N
DOHCB18,N,18=hate symbol,0,N
WETCH,N,WET,0,N
INYA AS,N,IN YOUR ASS,0,N
1BDV3C6,N,BAD ASS,0,N
MY4PLEY,N,MY FOREPLAY,0,N
A QUIKI,N,QUICKIE=SLANG FOR VAGINA,0,N
SUPR OOH,N,SUPER OH,0,Y
FRDABYZ,Y,FRED BYES,1,Y
GOMD28,N,GOD MADE DAN,0,Y
LS7SLYR,N,SLAYER,0,N
BADAF71,N,BAD ASS FUCKING,0,N
SLP SAM,N,SLP=SHIT LIPS,0,N
PKRS FTW,N,FTW,0,Y
TACO 157,N,TACO,0,Y
FLUX 88,N,"88=HATE SYMBOL, NO 88 CAR ON ANI",0,N
BZKNEES,Y,BZK=BITCH,1,N
FK WORK,N,FUCK WORK,0,N
8EEEEE8,N,"88=HATE SYMBOL, NO 88 CAR ON ANI",0,N
VAGCM1O,N,VAG=VAGINA,0,N
CHITO8 8,N,88=HATE SYMBOL,0,N
69NDIRT,Y,NO 1969 CAR ON RECORD,1,N
RYDOVRU,N,RIDE OR DIE,0,N
O GEE,N,"OG, GANG REFERENCE",0,N
CHAMP14,N,"14=HATE SYMBOL, NO 2014 CAR",0,N
PNKYSLM,N,PINKY SLAY,0,N
1BDTRD1,Y,BAD TURD,1,N
MR1LB,N,MR 1 LB,0,N
CMEL8ER,N,CAMELEADER,0,N
D NARNAR,N,"D=DICK, NO CHEVY ON ANI",0,N
JR 69RS,N,NO 69 CAR ON RECORD,0,N
MACS 10,N,"MACS IS A TYPE OF VEHICLE, WHICH IS AN OLD TIN NUMBER",0,N
69 CUUGR,Y,COULDN'T VERIFY 1969 VEHICLE,1,N
WEST OG,N,OG,0,N
BGREDII,Y,RED=GANG COLOR,1,N
P TWN,N,P DOWN,0,N
TF CEO,N,TF=TOO FUCKING LARGE FOR A SMALL BUSINESS,0,N
DODO BBY,Y,DODO CAN BE ANOTHER WORD FOR VAGINA,1,N
69 GROWL,Y,NO 69 CAR ON RECORD,1,N
TERRI B,Y,STANDALONE B,1,N
12FURY,Y,FURY,1,N
HUF4RTD,N,HUSTLER FOR REALTOR,0,N
JDWAFU,N,WAFU=WIDE ASS FUCK YOU,0,N
SCHLAFR,N,SCHLAF=SHIT,0,N
BREZZZZ,Y,BREEZY,1,Y
IH8UALL,N,HOSTILE-HAT,0,N
STOOGTZ,N,GOOGLE SEARCH REVEALS AN OLD ENGINE WHICH IS GOOGLE GOOGLE GOOGLE GOOGLE GOOGLE GOOGLE GOOGLE GOOGLE GOOGLE GOOGLE GOOGLE GOOGLE GOOGLE GOOGLE GOOGLE GOOGLE GOOGLE GOOGLE GOOGLE GOOGLE GOOGLE GOOGLE GOOGLE,0,N
FA18,N,18=hate symbol,0,N
DRTY RDR,N,DIRTY RIDER,0,N
G T M F,N,G T MOTHER FUCKER,0,N
TACO SD,N,TACO,0,Y
P NE NP,Y,NP=NOT AVAILABLE ON QUICKWEB YET,1,N
SS4 REL,N,SS FOR REL,0,N
ABBADSS,N,ASS,0,N
TWERK TM,N,TWERK TEAM,0,N
TT 888,N,TT=PENIS IN TAGALOG,0,N
E4MFIA,N,MFIA IS THE AMERICAN ARMY,0,N
HRDHRHR,Y,HARD HERR,1,N
ALE VANE,Y,ALEVA,1,N
MAG SPTN,N,MACHINE SHOOTING,0,N
OHGDDMN,N,OH GOD DAMN,0,N
RED ROGR,Y,RED ROGER,1,N
WTFFA2O,N,WHAT THE FUCK,0,N
PSP FTW,N,FTW,0,N
ABDUCTE,N,ABDUCTE=ASSHOLE BACKWARDS,0,N
WHYTRSH,N,WHY TRASH,0,N
YEEY831,N,AREA CODE,0,N
VMHCATF,Y,VULGAR-CAT F,1,N
OMYDAMN,N,DAMN,0,N
CHOLO47,N,CHOLO IS A SLANG TERM FOR A PERSON OF AMERICAN DESCENT,0,N
CHEEKSS,Y,CHEEKS IS ANOTHER WORD FOR VAGINA,1,N
LA BULLY,N,BULLY,0,N
LH8,Y,HATE,1,N
TNTGAME,Y,TNT GAME,1,N
SVDBY8 8,N,88=HATE SYMBOL,0,N
MADR8RS,Y,MADRID RACERS,1,Y
DAM GRP,N,DAMN,0,N
M3KILRR,N,KILLER,0,N
818UGGY,N,818 AREA CODE,0,N
53OH SHH,N,530 = AREA CODE,0,N
BRWN BYZ,N,BROWN BOYS,0,N
SPITZ O1,Y,SPITZ=SLANG FOR VAGINA,1,N
VQ ASSS,N,VQ AS IN FUCK,0,N
ABAADMF,N,MF MOTHER FUCKER,0,N
BAMFN 69,N,BAM FUCKING,0,N
FGT4YOU,N,FGT=FUCK YOU,0,N
1976 MFZ,N,MOTHER FUCKER,0,N
SASSYB2,N,SASSY BITCH TOO,0,N
EFFINRT,N,FUCKIN' RIGHT,0,N
PLCE BOX,N,BOX,0,N
ASO5228,N,ASO=ASSHOLE BACKWARDS,0,N
WHY H8T,Y,HATE,1,N
HPARMRY,N,HORSEPOWER,0,Y
E ST LOS,N,LOS ANGELES,0,N
KYZAKSS,N,"KIZAKS IS A TYPE OF PUSSY, OFFENSIVE",0,N
CAST31O,N,AREA CODE,0,N
EVL BCH,N,BCH=BITCH,0,N
TBLSTI,N,TBL STANDS FOR TOM BLESSED WHICH IS A RACIST TERM FOR A PERSON OF AMERICAN DESCENT,0,N
LTSTLKR,N,LITTLE STALKER,0,N
HTRD LIN,Y,HOSTILE-HATERED,1,N
WITCH13,N,"13=GANG NUMBER, NO 2013 CAR ON ANI",0,N
AKJMS16,Y,"AK IS A GUN, JMS IS A TYPE OF GUN",1,N
KIN KOON,N,KOON=VAGINA,0,N
PTBLNK1,N,"PT=PUSSY, BLNK=BLACK, BLNK=BLACK, BLNK=BLACK, BLNK=BLACK, BLNK=BLACK, BLNK=BLACK, BLNK=BLACK, BLNK=BLACK, BLNK=BLACK, BLNK=BLACK, BLNK=BLACK, BLNK=BLACK, BLNK=BLACK, BLNK=BLACK, BLNK=BLACK,",0,N
RSTY AF,N,AF-AS FUCK,0,N
YOGA 88,N,"88=HATE SYMBOL, NO 88 CAR ON ANI",0,N
CUPAH8Z,N,SUCK UP A HATES,0,N
15 RAM,Y,"15=GANG NUMBER, NO 2015 CAR",1,N
PINTO13,N,"13=GANG NUMBER, NO 2013 CAR ON ANI",0,N
DAGMAR D,Y,"D=DICK, NO DICK ON ANI",1,N
MALPDGO,Y,MALPEDO CAN BE ANOTHER WORD FOR VAGINA,1,N
619,N,619 AREA CODE,0,N
2BOM1WO,Y,TOO BOMB,1,N
2BIG 4UA,N,TOO BIG FOR YOU,0,N
6FIDDY,Y,FIDDY,1,N
5GJJS2O,N,20=GANG,0,N
KLTS 17,N,"KLTS IS A TYPE OF VEHICLE, KLTS IS A TYPE OF VEHICLE, KLTS IS A TYPE OF VEHICLE, KLTS IS A TYPE OF VEHICLE, KLTS IS A TYPE OF VEHICLE, KLTS IS A TYPE OF VEHICLE, KLTS IS A TYPE OF VEHICLE, KLTS IS A TYPE OF VEHICLE, K",0,N
GUNSLNG,N,GUN,0,N
OFFRD18,Y,18=hate symbol,1,N
BANNR18,Y,18=hate symbol,1,N
KEW 88,N,"88=HATE SYMBOL, NO 88 CAR ON ANI",0,N
BNRPLJ,N,BUNNER PLAYER,0,Y
BALL 188,N,188=HATE SYMBOL,0,N
F&CK,N,FUCK,0,N
CRMPY88,N,"88=HATE SYMBOL, NO 88 CAR ON ANI",0,N
URSLWAF,N,YOU'RE SLOW AS FUCK,0,N
B TACO,N,TACO,0,Y
BACKDR,N,BACK DRIVE,0,N
DEDFRNZ,N,DEDFRNZ IS A TYPE OF FILTHY ARMY ARMY ARMY ARMY ARMY ARMY ARMY ARMY ARMY ARMY,0,N
BSD,N,BSD=BITCH,0,N
BKFAIRS,Y,BK CAN STAND FOR BITCH,1,N
Z7Z777Z,N,LOOK ALIKE,0,N
5SLO KLR,N,KILLER,0,N
5 OHH,Y,5OH=PENIS IN TAGALOG,1,N
SMALBOX,Y,BOX,1,N
$YUYU14,N,"14=HATE SYMBOL, NO 2014 CAR",0,N
DRKHELL,Y,DRUG REFERENCE,1,N
C63S311,N,AREA CODE,0,N
FOCKO,N,FUCK,0,N
MS DDD,Y,DDD=DICK,1,N
MY MNTNS,Y,MY MONEY,1,N
BLP,Y,BLP=BLOW LIPS OR BITCH,1,N
SKN5FAN,N,SKINNED FAN,0,N
MTOWN OG,N,OG,0,N
POOHER,N,POO=PUSSY,0,N
MADMAC,Y,"MAD MAC, SEXUAL REFERENCE",1,N
JAP Z4M,N,"JAP IS ANOTHER WORD FOR JAPANESE, ANOTHER WORD FOR PENIS",0,N
6 JEFES 5,N,JEFE=GANGSTER,0,N
9O9ONE,N,AREA CODE,0,N
1ILLE,N,ONEILLE,0,N
ALHH,N,ALL HEAD,0,N
SM STYLN,Y,STYLING,1,Y
1BWHNTR,Y,BWH CAN STAND FOR BITCH,1,N
/FISHNFU/,N,FISHING FOR FUCK YOU,0,N
DRT DOLL,Y,DOLL,1,N
CHNGN22,N,CHINGON IS A TERM USED FOR A PERSON OF CHINESE DESCENT,0,N
YES 88,N,"88=HATE SYMBOL, NO 88 CAR ON ANI",0,N
MAGKL D,N,MAGKILL D,0,N
MATT5,N,"MATT, SEXUAL REFERENCE",0,N
8A911,N,ATE A 911,0,N
TGOD RAW,N,RAW CAN BE ANOTHER WORD FOR A PENIS,0,N
F TESLA,N,FUCK TESLA,0,N
DKHRS2,Y,DARK HORSE,1,N
LEWEY G,Y,G AS IN GANGSTER,1,N
BRN C5H8,N,HATE,0,N
G SQUAD,N,G AS IN GANGSTER,0,N
SS 95,Y,"SS, no Chevy on ANI",1,Y
HOERNER,N,HOERNER,0,N
CA JAMF,N,MF- MOTHER FUCKER,0,N
HUSSE 1,Y,HUSSE=VAGINA,1,N
11O4DGO,N,11O4 DIEGO,0,N
BGN THOT,N,BANGING THOT,0,N
235O7R1,N,LOOK ALIKE,0,N
FERND&G,Y,FERNDALE AND G,1,Y
PDBLULN,N,PD-POLICE DEPT.,0,N
MSDAMNR,N,DAMN,0,N
HKSS A88,N,"88=HATE SYMBOL, NO 88 CAR ON ANI",0,N
BJ$YFLL,Y,BJ=BITCH,1,N
7ONE4,N,714 AREA CODE,0,N
JYNRDIE,N,JINDER DIE,0,N
TRPNBLS,N,TROPICAL BALLS,0,N
BADXBOY,Y,BAD X BOY,1,N
VFXSHOT,Y,VFX SHOT,1,Y
TRD4PRO,Y,"TRD IS SIMILAR TO TURD, PRO IS ANOTHER WORD FOR PENIS",1,N
UCLA 888,Y,UCLA 888,1,N
WHTWSHD,N,WHAT THE WHITE SHED,0,N
LAHOOD1,Y,HOOD IS ANOTHER WORD FOR PENIS,1,N
SSCRUDE,N,SCRUEDE,0,N
CA MERC,N,MERC=GUN,0,N
2V FTW,N,FTW,0,Y
MR TTS,N,TITS,0,N
J2OH14G,N,"14=HATE SYMBOL, NO 2014 CAR",0,N
BRAR 18,N,18=hate symbol,0,N
IH8 EVIL,Y,HATE,1,N
BBCHUB5,Y,BEACH BEACH HUBBY,1,Y
ZHY2288,Y,"88=HATE SYMBOL, NO 88 CAR ON ANI",1,N
KIKZGAZ,Y,KIKS GAS,1,N
ZO6 MOB,N,MOB,0,N
NURS916,N,916 AREA CODE,0,N
SUX IT,N,SUCK IT,0,N
8B8888B,N,88 = HATE NUMBER,0,N
JVCKLYN,N,JVC KILLIN,0,N
2PELANA,N,TOO PLANA,0,N
BUSTED,Y,BUSTED,1,N
HULAGAN ,N,HULIGAN IS A TERM USED FOR A PERSON OF AMERICAN DESCENT,0,N
GRMCRPR,Y,GROMER CRIPPER,1,N
CHINGA5,N,CHINGA IS ANOTHER WORD FOR VAGINA,0,N
KRZYONE,Y,KRISTY ONE,1,Y
G FOLK,N,G AS IN GANGSTER,0,N
LBC TRD,N,TRD=TURD,0,N
RDBRN13,N,13 GANG REFERENCE,0,N
GREENGA,N,GREEN GAS,0,N
FINNVET,Y,FINN NEVET,1,N
MADMNKE,N,MAD MUNKE,0,N
FATTROD,N,FAT ROD,0,N
WPISSAH,N,PISSAH,0,N
S91183C,N,LOOK ALIKE,0,N
FS LAYER,N,FS-FUCK SLAYER,0,N
ENDTHH8,Y,H8=HATE,1,N
DCHLDAY,Y,DICK HOLIDAY,1,N
PNY KLIR,N,PEANUTTY KILLER,0,N
1 4 TAHO,Y,"14=HATE SYMBOL, NO 2014 CAR",1,N
S14 NEO,Y,14 GANG REFERENCE,1,N
KOSKISH,N,KOSKISH IS ANOTHER WORD FOR PENIS,0,N
KUYA D,N,D AS IN DICK,0,N
BUCN NCA,N,BUCKIN,0,N
T 13 SG,N,13 GANG REFERENCE,0,N
CISCO14,N,"14=HATE SYMBOL, NO 2014 CAR",0,N
MASECAS,N,MY NAME,0,N
RD DRGN1,Y,RED DRAGON,1,Y
PISTOL 6,Y,PISTOL,1,N
FOCKD,N,FUCKED,0,N
FUN AF,N,FUN AS FUCK,0,N
HLLCAT 2,Y,"HELLCAT IS A TYPE OF CAT, HER NAME IS HELLCAT",1,Y
GUITO,N,GUITO IS ANOTHER WORD FOR VAGINA,0,N
OB213,N,213 = AREA CODE,0,N
/HEDMSTR/,N,HEAD MOTHER FUCKER,0,N
BUDS86,Y,BUDS=BLOOD,1,N
WHITETT,Y,WHITE TT,1,N
SCBA NUT,Y,NUT,1,N
CEJJ14,N,14 GANG REFERENCE,0,N
IFDJLPZ,N,I FIND JEEPS,0,N
MY$HMPM,N,MY LOVE FOR HMPM,0,N
CYZMTRS/,N,CYSTAL MOTORS,0,Y
4X6X28X,N,XXX,0,N
AXEMAN8,Y,AXEMANATE,1,N
EATN GD 2,Y,EATING,1,N
TH G WAY,N,G AS IN GANGSTER,0,N
TKA DUMP,N,TAKE A DUMP,0,N
BOO UDOU,Y,BOOB YOU,1,N
YOW DADY,N,YOU'RE DADDY,0,N
AJAY 2BJ,N,BJ=BITCH,0,N
XXXTHOR,N,XXX,0,Y
CRUMSBB,Y,CRUMS BABY,1,N
FRVR858,N,858 AREA CODE,0,N
69GPSTR,Y,1969 GTO,1,Y
SLOW DE,Y,SLOW DEAL,1,N
EDLKY13,N,"13=GANG NUMBER, NO 2013 CAR",0,N
BOSS CK,N,BOSS CRIP KILLER,0,N
415M3,N,415 AREA CODE,0,N
ENZO ETR,N,EATER,0,N
C4LI818,N,818 AREA CODE,0,N
KIKE UL,N,KIKE,0,N
ST FTW,N,FTW,0,Y
SOYLD DV,N,SOYLDR DAVIDSON,0,N
PMNT 562,N,PIMPIN',0,N
LOCO PRO,Y,LOCO PRO IS A TYPE OF VEHICLE,1,N
14 RHINO,N,14 GANG REFERENCE,0,N
BLANK13,N,"13=GANG NUMBER, NO 2013 CAR",0,N
SIX7 SS,N,SS,0,N
14GIPPR,N,14 GANG REFERENCE,0,N
BMW 13,N,"13=GANG NUMBER, NO 2013 CAR",0,N
IDFWUHO,N,I DON’T FUCK WITH YOU,0,N
ELVIE B,N,STANDALONE B,0,N
1SHT1K,N,SHIT,0,N
FOKO777,N,FUCK,0,N
P LATTES,Y,PEE LATTES,1,N
SLK AF,N,AF STANDS FOR AS FUCK,0,N
POOPS13,N,13 GANG REFERENCE,0,N
DAVEED G,N,G AS IN GANGSTER,0,N
RNGER,Y,RANGER,1,N
YB NUTS,Y,YOU BE NUTS,1,N
KOFFN13,N,"13=GANG NUMBER, NO 2013 CAR",0,N
1I1TII1,N,TII=PENIS,0,N
1BDAZRN,N,BAD ASS,0,N
JMIR2O9,N,209 AREA CODE,0,N
XYXKXKX,N,XXX,0,N
LUCK888,N,888 HITLER REFERENCE,0,N
GWNE13,N,"13=GANG NUMBER, NO 2013 CAR",0,N
AZZ MAH,N,ASS,0,N
2 ONE 3,N,TOO ONE TOO MUCH,0,N
DNKYFAN,N,DICKS,0,N
SVRTNT,N,TNT=EXPLOSIVE,0,N
POOR AF,N,AF-AS FUCK,0,N
GN SMKE,N,GUN SMOKE,0,N
5THFLWR,N,5TH FUCKER,0,N
EFFUMNY,N,FUCK YOU MONEY,0,N
CAZZO,N,CAZZO=VAGINA,0,N
96 SS 1,Y,SS,1,N
DSL515O,N,DSL IS ANOTHER WORD FOR DICK SUCKING LIPS,0,N
Z2OO2A,N,ASSHOLE BACKWARDS,0,N
SHAG UR ,N,SHAG=SHIT,0,N
SNFL916,N,916 AREA CODE,0,N
14LJHP,N,14 GANG REFERENCE,0,N
REDSVEN,N,RED SEVEN,0,Y
GNR1987,N,GUNNER,0,N
KIRBY88,N,"88=HATE SYMBOL, NO 88 CAR ON ANI",0,N
J13BON,N,"13=GANG NUMBER, NO 2013 CAR ON ANI",0,N
$JAH 88,N,"88=HATE SYMBOL, NO 88 CAR ON ANI",0,N
LOVBIGD,N,LOVE BAD GIRL,0,N
CHGR 88,N,"88=HATE SYMBOL, NO 88 CAR ON ANI",0,N
51O MOE,N,AREA CODE,0,N
14BAMBI,N,14 GANG REFERENCE,0,N
TAJ 1313,N,"13=GANG NUMBER, NO 2013 CAR",0,N
SWING R,N,SWINGER,0,N
1AF3,N,"13=GANG NUMBER, NO 2013 CAR",0,N
1X1X1X1,N,XXX,0,N
SLOOW5O,N,SLOW 50,0,Y
ZIPTIED,N,ZIP TIED,0,N
PELE 69,N,NO 69 CAR,0,N
STROSHO,Y,STROOSH=SHIT,1,N
OG24 FB6,N,OG,0,N
RED KEEP,Y,RED KEEP,1,Y
HAN SHOT,Y,HAND SHOT,1,N
I8 TACOS,N,I ATE TACOS,0,N
REDVBLU,N,RED BLUE,0,Y
COCOMAX,Y,COCOAX IS A TYPE OF PUSSY,1,N
B487801,N,LOOK ALIKE,0,N
BK LADY,N,BK=BLOOD KILLER,0,N
ROOF 8O5,N,805 AREA CODE,0,N
LIMON 5O,Y,"50=POLICE, NO 50 CAR ON ANI",1,N
SHWBOOB,N,BOOB,0,N
OTHTFA5,Y,THAT FACE,1,N
BJCRN,N,BJ COULD STAND FOR BITCH,0,N
KLRNM8O,N,KILLER,0,N
88REX,N,"88=HATE SYMBOL, NO 88 CAR ON ANI",0,N
DP SELLS,N,DP CAN STAND FOR DICK PEOPLE,0,N
JK BAMF,N,JK BAD ASS MOTHER FUCKER,0,N
SLAYIN,N,SLAYING,0,N
69TRIKE,N,69 SEXUAL REFERENCE,0,N
GSDLIFE,N,GSD=GANGSTER,0,N
OGBLKZ,N,OG,0,N
KIKILYM,N,KICK LIKE,0,Y
GAMS13,N,"13=GANG NUMBER, NO 2013 CAR ON ANI",0,N
HUMMMM,Y,HUMMMM,1,N
DVLDG88,N,"88=HATE SYMBOL, NO 88 CAR ON ANI",0,N
HAK GWAI,N,HAK IS ANOTHER WORD FOR VAGINA,0,N
OCT31AF,N,AF-AS FUCK,0,N
NOMERZY,N,NO MERCY,0,N
SGMA DIE,N,DIE,0,N
WHPNDRP,N,WHIPPIN DRP,0,N
WHT57UT,N,WHAT THE FUCK,0,N
WOODEZ,Y,WOODY=PENIS IN TAGALOG,1,N
MBDTF96,N,MBDTF=MOTHERFUCKER,0,N
BUSTR13,N,"13=GANG NUMBER, NO 2013 CAR",0,N
BTMAN13,N,"13=GANG NUMBER, NO 2013 CAR",0,N
RED1# H5,Y,RED ONE SHIT H5,1,N
DOSE O3,N,DOSE=DOSAGE,0,N
OH SCAT,N,SCAT IS ANOTHER WORD FOR VAGINA,0,N
HTEGAS,Y,HATE GAS,1,N
SNOBL14,N,"14=HATE SYMBOL, NO 2014 CAR",0,N
JANBNG X,N,JAN BANG IS ANOTHER WORD FOR VAGINA,0,N
FTG GCG,N,FTG=FUCK THE GROUP,0,N
THRWDWN,N,THROWN DOWN,0,N
COLT 45,N,COLT 45 IS A GUN,0,N
PAKIN,N,PAKIN IS ANOTHER WORD FOR VAGINA,0,N
TAFF3BZ,N,TAFF - TACO,0,N
2VDEEEZ,N,TOO VIDEOS,0,N
JBJBG,Y,JB JOB,1,Y
USN88,N,"88=HATE SYMBOL, NO 88 CAR ON ANI",0,N
619PLUR,N,619 AREA CODE,0,N
RIVR MOB,N,MOB,0,N
MMFQTRO,Y,MOTHER FUCKER,1,N
BLKDOOM,N,BLACK DOOM,0,N
5000 G,N,G AS IN GANGSTER,0,N
REDCVTT,Y,RED CAR,1,Y
24XXX24,N,XXX,0,N
DURRTY,Y,DIRTY,1,N
CM GETME,N,GET ME,0,N
DMMDNYL,N,DAMN DANIEL,0,N
E M F,Y,EM F=EMOTIONAL MOTHER FUCKER,1,N
CHUMMIN,Y,CHUMMIN IS A DEROGATORY TERM FOR A PERSON OF CHINESE DESCENT,1,N
BKLYN 13,N,"13=GANG NUMBER, NO 2013 CAR",0,N
66MNSO8,Y,66=SEXUAL REFERENCE,1,N
WFJESUS,N,WHITE FEMININE JESUS,0,N
DRP SHOT,N,SHOT,0,N
PERLA 13,N,"13=GANG NUMBER, NO 2013 CAR ON ANI",0,N
KOM,N,KOME=FUCK YOU,0,N
OG4O9SS,N,OG,0,N
DAMHNDY,N,DAMN HANDY,0,Y
ROTH415,N,415 AREA CODE,0,N
JTTANKR,Y,JET TANKER,1,Y
NEWKLER,N,NEW KILLER,0,N
LBKOUKI,Y,LOCAL BITCH - KOUKI IS A TERM USED FOR AN INDIAN PERSON,1,N
XCUS U,N,CUSUME YOU,0,N
KNZILLA,N,"KNZ=KNIFE, KNZILLA IS A TERM USED FOR A PERSON OF AMERICAN DESCENT",0,N
FUHRITP,N,FUCK YOU HIT PEOPLE,0,N
AIM4YOU,N,AIM FOR YOU,0,Y
HRNSTR#,N,HORNSTADDER,0,N
13 NAGRA,N,13 GANG REFERENCE,0,N
RUB#ME2,N,RUB ME TOO,0,N
SPIDR18,N,18=hate symbol,0,N
13BREPU,N,13 GANG REFERENCE,0,N
B52TGUN,N,GUN,0,N
JAKE911,Y,911,1,N
51 BLUE,Y,BLUE,1,Y
VSQZ69,N,"69, SEXUAL REFERENCE",0,N
NA145TV,N,"145=HATE SYMBOL, NO 145 CAR ON ANI",0,N
FJ MOBBN,N,MOBBING,0,N
KLR TMTO,N,KILLER TOM TOO,0,N
MMAUS$R,Y,MY NAME,1,N
6UWISH9,N,YOU WISH,0,Y
SMHS 69,N,SEXUAL-69,0,N
HEFE65,N,HEFE=GANG,0,N
BOZZ4O8,Y,408 AREA CODE,1,N
MOMCOKI,N,MOOKIE=VAGINA,0,N
88B888,N,88=HATE SYMBOL,0,N
BK2HATR,N,BK CAN STAND FOR BITCH,0,N
SKENNY D,Y,SKINNY D,1,N
BTR DED,N,BETTER DEAD,0,N
13B2P,N,"13=GANG NUMBER, NO 2013 CAR ON ANI",0,N
SUC IO72,N,SUCK,0,N
WTF KAT,N,WHAT THE FUCK,0,N
G  77  O,N,G AS IN GANGSTER,0,N
SIGMA PI,Y,PI=PUSSY,1,N
7OOHP 69,N,"69, SEXUAL REFERENCE",0,N
4HOLGNS,N,FOR HOOLIGANS,0,N
AAA 5188,Y,LOOK ALIKE,1,N
CMB 88,N,"88=HATE SYMBOL, NO 88 CAR ON ANI",0,N
AMA88,Y,"88=HATE SYMBOL, NO 88 CAR ON ANI",1,N
AZUSA 13,N,13-GANG,0,N
PRN4LFE,N,PRN=PORN FOR LIFE,0,N
BIGOSSS,N,BIG OSS,0,N
515OKTY,N,515 AREA CODE,0,N
CO12NUT,Y,CORNUT,1,N
X13X,N,"13=GANG NUMBER, NO 2013 CAR ON ANI",0,N
SOBER5O,N,"50=POLICE, NO 50 CAR",0,N
ZROW FOX,N,ZERO FUCKS,0,N
ISALLG,Y,G AS IN GANGSTER,1,N
N54 FTW,N,FTW,0,Y
M11I11M,Y,M11 IS A TYPE OF GUN,1,N
D 67 GTO,Y,GTO=GUN,1,N
8CHUBBS,N,BULL SHIT,0,N
TWTYPIE,Y,TWEETY PIE,1,Y
88LDYM,N,"88=HATE SYMBOL, NO 1988 CAR ON ANI",0,N
FNZUP,N,FN-FUCKEN,0,N
5PTHOE,N,HOE,0,N
FIVE OOH,N,5.0 MUSTANG,0,N
KING BRA,Y,KING BRA,1,Y
SYCODIC,N,SANDY CODIC,0,N
BA 11,Y,BAD ASS,1,N
THEDEED,N,"THE D COULD STAND FOR DICK, SEXUAL REFERENCE",0,N
DOE DOE,N,DO YOU DIE,0,N
FF W88,N,"88=HATE SYMBOL, NO 88 CAR ON ANI",0,N
ARMYRED,N,RED,0,Y
JEN8888,N,88 = HATE NUMBER,0,N
G SAINI,Y,G AS IN GANGSTER,1,N
559 CAT,N,559 AREA CODE,0,N
FUQM8,N,FUCK,0,N
69SBURB,Y,SEXUAL-69,1,N
HELKATT,Y,ATT,1,N
JGZ 5O,Y,JUAN GARCIA'S 50TH ANNIVERSARY,1,N
TROJN 17,Y,TROJAN IS A TYPE OF ARMY ARMY ARMY. 17 IS THE YEAR OF THE VEHICLE.,1,N
NO H8TE,N,NO HATE,0,Y
GNGLOV,N,GANG GLOVE,0,N
4HACKER,Y,HACKER,1,N
NBASHOT,Y,NBA,1,N
JVAA 13,N,"13=GANG NUMBER, NO 2013 CAR",0,N
YOCABRN,N,YO CABRON,0,N
AYMHYER,N,HYDER=HATE,0,N
SSATINE,N,SSATINE IS A DEROGATORY TERM FOR A PERSON OF AMERICAN DESCENT,0,N
2FS4CHP,N,TOO FAST FOR CHIP,0,N
ESE LAW,N,ESE=FUCK,0,N
CUTN 4 U,Y,CUTEN FOR YOU,1,N
OG OWNER,N,OG,0,N
XOXO G,Y,G AS IN GANGSTER,1,N
1HOT RED,Y,RED,1,N
PLZNO5O,N,PLEASE NO 50,0,N
OMW2RLP,N,ON MY WAY TO RIP PERSON,0,N
BUTILVR,N,BUTT LOVER,0,N
OPEN SZN,N,OPEN SIZING,0,N
1FTB3IO,N,FTB=FUCK THE BITCH,0,N
1SLO5OH,N,SLOW 5.0,0,N
BENDECO,N,BEND ECO,0,Y
WHITTY5,Y,WHITE CAT,1,N
14SVN34,N,14 GANG REFERENCE,0,N
CHERI BB,N,CHERI=BOSS,0,N
ILYKBLU,Y,I LIKE BLUE,1,Y
GUMAD,Y,GUM ADDICT,1,N
TM66CAT,Y,"CAT=PUSSY, NO CAT CAR ON ANI",1,N
ERFAN G,N,G AS IN GANGSTER,0,N
MK7FTW,N,FTW,0,N
RS HOLE,N,"RS IS ANOTHER WORD FOR PENIS, HOLE IS A PENIS",0,N
69DREMS,N,"69, SEXUAL REFERENCE",0,N
TRTLE8M,Y,TROLLING ATE THEM,1,N
DQODOOQ,N,DOOOOOO,0,N
M6I2A88,N,88=HATE SYMBOL,0,N
SHTLP&D,N,SHIT LEAD,0,N
YAVAR14,N,"14=HATE SYMBOL, NO 2014 CAR",0,N
8JERRY8,N,"88=HATE SYMBOL, NO 88 CAR ON ANI",0,N
GR8 KTY,Y,GREAT KITTY,1,Y
R8R 760,N,RAIDER 760,0,N
RLMFNGZ,N,MF=MOTHER FUCKER,0,N
MPR 13,Y,"13=GANG NUMBER, NO 2013 CAR",1,N
7TFREAK,N,TF-FUCK,0,N
LINO PLG,Y,LINO PIG,1,N
XKHAN,Y,XKHAN=FUCKEN,1,N
LETHL C6,Y,LETHL IS ANOTHER WORD FOR VAGINA,1,N
WINEHO1,N,"HO1 IS A TYPE OF HO, WHICH IS A DEROGATORY TERM FOR A PERSON OF AMERICAN DESCENT",0,N
8EEJ8,N,88 HITLER REFERENCE,0,N
BLDZ BLU,N,BLOOD BLUE,0,N
KXYXKYX,N,XXX,0,N
CRZSSML,Y,CRAZY SUMMER,1,Y
FTWIN,N,FTWIN,0,Y
SEE 8888,N,88 = HATE,0,N
GRM RPR,N,GRM - GANG REFERENCE,0,N
KING8O5,N,805 AREA CODE,0,N
OLBLU54,Y,OLD BLUE 1954,1,Y
C6ZZ A,N,ASSHOLE BACKWARDS,0,N
8V833V2,N,LOOK ALIKE,0,N
GNN,Y,GNN=GANGSTER,1,N
8MJR8,N,88 = HATE NUMBER,0,N
TITOG 13,N,13 GANG REFERENCE,0,N
PSYFUCK,N,FUCK,0,N
ZENAF,N,AF-AS FUCK,0,N
AMP KILL,N,KILL,0,N
SARGE18,N,18=HATE SYMBOL,0,N
NANA 14,N,"14=HATE SYMBOL, NO 2014 CAR",0,N
PREDITR,N,PREDITOR,0,N
SR CHONA,N,CHONA IS A SLANG TERM FOR A PERSON OF AMERICAN DESCENT,0,N
GUNSHOW,N,GUN SHOW,0,N
BUM BUM,N,BUM=SEXUAL CONNOTATIONS,0,N
MUMPY,N,MUMPY IS A DEROGATORY TERM FOR A PERSON OF AMERICAN DESCENT,0,N
SW CHEEK,N,SWEET CHEEK,0,Y
1PORFKR,N,ONE POOR FUCKER,0,N
14 COACH,N,14 GANG REFERENCE,0,N
XKKKXXK,N,XXX,0,N
MARC916,N,916 AREA CODE,0,N
F O C M,N,FUCK ON MY DICK,0,N
B1113,N,"13=GANG NUMBER, NO 2013 CAR",0,N
KTTY DR,N,CATTY,0,N
61SHOKR,Y,61 SHOKER,1,N
MERCI PD,N,MERCI POLICE DEPT,0,N
H82 7OUT,Y,HATE,1,N
DC4L 13,N,13 GANG REFERENCE,0,N
BTCH WUH,N,BITCH,0,N
CRZTATA,N,CRAZY TATA,0,N
8GR8DR8,Y,"88=HATE SYMBOL, NO 88 CAR ON ANI",1,N
SASUKE,Y,SUSUKE=SLANG FOR VAGINA,1,N
SLK 69,Y,SEXUAL-69,1,N
TAJMOHO,Y,HO,1,N
MNKYPNK,N,MONKEY PINK,0,Y
424,N,424 AREA CODE,0,N
NEGRO78,N,NEGRO CAN BE A SEXUAL REFERENCE,0,N
VIRGO 14,N,"14=HATE SYMBOL, NO 2014 CAR",0,N
SX4 MOM,N,SEX FOR MOM,0,N
WETT,N,WET,0,Y
ILL NKA,N,NKA=NIGGA,0,N
69GENT,N,1969 GENTLEMAN,0,Y
NYUJD14,Y,14-HITLER,1,N
RDNCKRV,N,REDNECK,0,N
RAGE ON,N,RAGE ON,0,N
REKITTY,Y,"KITTY, SEXUAL REFERENCE",1,N
2 MNKYS,N,MONKEYS CAN BE ANOTHER WORD FOR VAGINA,0,N
CASH F,N,CASH F,0,N
HO 888,N,HO,0,N
F CUNADO,N,FUCK CUNADO,0,N
LAHSTL,N,HUSTLE,0,N
DIE WABT,N,DIE,0,N
ASYCFUC,N,ASS FUCK,0,N
M16A24D,N,"M16 IS A GUN, A24D IS A TYPE OF GUN",0,N
TITZTRK,N,TITTIES,0,N
IL DO ME,N,DO ME,0,N
ALFAR69,N,"69, SEXUAL REFERENCE",0,N
RYNO MAC,Y,"MAC=PUSSY, NO MAC CAR ON ANI",1,N
SNWBALL,N,SNOWBALL,0,Y
GFT4MH7,Y,GFT=GANG FUCK TEAM,1,N
ZULUFKS,N,FUCK,0,N
KIKE7EZ,N,KIKE,0,N
RDNKRDE,N,REDNECK,0,N
BABE 888,Y,888=HATE SYMBOL,1,N
FKCNCR2,N,FUCK CANCER,0,N
BIOTCH,N,BITCH,0,N
TELLIE G ,Y,G AS IN GANGSTER,1,N
4RUNOVR,N,"FOR YOU, NO OVER",0,Y
BLUTOAD,Y,BLUE TOAD,1,Y
HO LEFUK,N,HO LIFE FUCK,0,N
69 MAMY,N,NO 69 CAR,0,N
SUBAPOO,N,POO=PUSSY,0,N
TUNA,N,TUNA,0,Y
BDYBAG9,N,BAD BAG,0,N
EJY13,N,"13=GANG NUMBER, NO 2013 CAR",0,N
KITYPUR,Y,KITTY PUR,1,Y
14MEX84,N,14 GANG REFERENCE,0,N
NSMO51O,Y,510 = AREA CODE,1,N
U H8TIN,N,HOSTILE-HATE,0,N
EFN2187,N,EFFIN 2187,0,N
DOMECFO,Y,DOME CFO,1,N
BZ GTR,N,BZ=BITCH,0,N
COKA 2,N,COKA=SLANG FOR VAGINA,0,N
C INREDD,Y,C IN RED,1,Y
UDTKNME,N,YOU DON’T KNOW ME,0,N
PSXLV88,N,"88=HATE SYMBOL, NO 88 CAR ON ANI",0,N
BLUVL 8,N,BLUE LOVEL 8,0,Y
805 TIME,N,805 AREA CODE,0,N
DS2 5OH,Y,DS2 IS A TYPE OF ENGINE FOR A 5.0 LITER ENGINE. 5O IS THE ENGINE SIZE OF THE ENGINE.,1,Y
MYFN SS,N,MY FUCKING SS,0,N
XLT DAD,N,XLT=EXTRA LARGE DAD,0,N
CHILLAA,Y,CHILL,1,Y
YUH8TN4,N,HOSTILE-HATIN,0,N
CAT EME,Y,CAT EME,1,Y
STLR GNG,Y,STILL GANG,1,N
RAWWILL,N,"RAW WILL, SEXUAL REFERENCE",0,N
69COUGR,N,COUGAR,0,Y
KAKA615,N,615 AREA CODE,0,N
8MOXIE8,N,"88=HATE SYMBOL, NO 88 CAR ON ANI",0,N
MFBBQ1,N,MOTHERFUCKING BBQ,0,N
DRRNBOW,Y,DIRTY RED BOW,1,N
BADASMM,N,BAD ASS,0,N
SUNY 13,Y,"13=GANG NUMBER, NO 2013 CAR",1,N
ARS 52,Y,ARSENAL,1,N
FTW CUBS,N,FUCK THE WORLD CUBS,0,N
PPSYKAT,N,PUSSY CAT,0,N
WESTG55,Y,G55 IS A TYPE OF GUN,1,N
B1U3I,Y,BUILDING A HOUSE IN SAN FRANCISCO,1,N
AK 221,Y,"AK IS A GUN, WEAPON REFERENCE",1,N
CU51OMS,N,510 = AREA CODE,0,N
NOSHTZ,N,NO SHIT,0,N
BJA TCO,N,TACO,0,N
QEEEENB,N,B=BITCH,0,N
WIKED5O,Y,WIKED IS A RACIAL SLUR TOWARDS AFRICAN AMERICANS,1,N
51 5O G,N,G AS IN GANGSTER,0,N
ISGRL 88,N,"88=HATE SYMBOL, NO 88 CAR ON ANI",0,N
OG BEAST,N,OG,0,Y
DI TRING,Y,TRING=PENIS,1,N
UPYUURZ,N,UP YOURS,0,N
TVTOY18,Y,18=hate symbol,1,N
JUNHO82,Y,HO,1,N
TONYLOC,N,TONY LOC,0,Y
QING 666,Y,QUEEN 666,1,N
STAB CBN,N,STAB CBN,0,N
BJ 4EVER,N,BJ=BITCH,0,N
1 JOHN4,N,"14=GANG NUMBER, NO 2014 CAR",0,N
EL TOPE,N,TOPE IS ANOTHER WORD FOR VAGINA,0,N
HZGORDA,Y,HAZARD,1,N
KORSHUN,N,KOREAN GUNS,0,N
TRUMP 4U,N,TRUMP FOR YOU,0,N
OGVETT,N,OG,0,N
LIZCAKS,Y,CAKS IS ANOTHER WORD FOR VAGINA,1,N
OKTAPUS,N,OKTAPUS IS A TYPE OF SUBARU,0,Y
CHOLO79,N,CHOLO IS A DEROGATORY TERM FOR A PERSON OF AMERICAN DESCENT,0,N
BBZ JAM,Y,JAM,1,Y
JR TRD,N,JR TRD,0,Y
KILLAB7,N,KILLING A B7,0,N
BADASLS,N,BAD ASS LIPS,0,N
N54GASM,N,GASM,0,N
CO2 H8ER,N,HOSTILE-HATER,0,N
KUGL 14,N,"14=HATE SYMBOL, NO 2014 CAR",0,N
2KIEHOG,N,TOOKIE HOG,0,N
IPELANA,N,I PEE LANA,0,N
MDUB$O1,N,DUB,0,N
RNFBAUM,Y,RNF=REFERENCE TO FUCK,1,N
DADINGY,Y,DINGY,1,N
BCHFMLY,Y,BCH CAN STAND FOR BITCH,1,N
69HUEVO,N,"69, SEXUAL REFERENCE",0,N
HH BLOND,N,HH=HATE HATE,0,N
P1RU,N,PRU IS ANOTHER WORD FOR VAGINA,0,N
OG 67,N,OG,0,N
PHIVE5O,N,"50=POLICE, NO FORD MUSTANG ON ANI",0,N
AY WEYY,N,AY WEY,0,N
MDRNWGN,Y,MURDER WIGAN,1,N
BLUSSKY,Y,BLUE SKY,1,Y
BOOX2,Y,"BOOB, SEXUAL REFERENCE",1,N
LOVESHK,N,LOVE SHACK,0,N
PSY T9X,N,PSY=PUSSY,0,N
SHOT1ST,N,SHOT,0,N
DSHOCKR,N,SHOCKER,0,N
THE25OH,Y,THE 25TH ANNIVERSARY OF MY FAMILY,1,Y
2TINY4U,Y,TINY FOR YOU,1,Y
ADHD 49R,Y,ADHD,1,N
PUNSR66,N,PUNSER,0,N
BBC2NE1,N,BBC CAN STAND FOR BIG BLACK COCK,0,N
S9496,Y,LOOK ALIKE,1,N
HK 516,Y,516 AREA CODE,1,N
GOT RBF,N,BF-BIG BITCH,0,N
CHOPP ME,N,CHOPP ME,0,N
BMF RAM,N,BMF=BIG MOTHERFUCKER,0,N
TPL TT,Y,TT=PENIS IN TAGALOG,1,N
DRAG CAT,Y,DRAG CAT,1,Y
DTTMPME,N,DON’T TEMPT ME,0,N
GO2REHB,N,GO TO RED HEAD,0,N
RMRD CAR,N,"RMRD IS ANOTHER WORD FOR RED, SEXUAL REFERENCE",0,N
FANCIAF,N,AF-AS FUCK,0,N
YOS BOSS,Y,YOU'RE A BOSS,1,Y
N001985,N,LOOK ALIKE,0,N
RIGID B,N,STANDALONE B,0,N
2DRTHOE,N,TOO DIRTY HOE,0,N
OGVENOM,Y,"OG, GANG REFERENCE",1,N
COACH14,N,"14=HATE SYMBOL, NO 2014 CAR",0,N
KOPPERZ,N,COP,0,N
TATAS 47,N,TATAS IS A BREAST,0,N
RWB CRMZ,N,RWB COULD STAND FOR RAW BITCH,0,N
DOESHZY,N,DOES IT SHIZY?,0,N
ROGUEI8,Y,ROGUE IS A TERM USED FOR A PERSON OF AMERICAN DESCENT,1,N
TA CBRN,N,TACO BROWN,0,N
18NA DAY,N,18=hate symbol,0,N
JEDI SCM,N,"JEDI=JUST IN CASE, SCM=SCUMBING",0,N
BUTWAIT,Y,BUTT WAIT,1,N
RVR BAUS,Y,"RVR CAN STAND FOR REVERSE, RACIAL SLUR",1,N
BTFL13,N,"13=GANG NUMBER, NO 2013 CAR",0,N
2KINKY,N,KINKY IS ANOTHER WORD FOR VAGINA,0,N
3O135C2,N,LOOK ALIKE,0,N
BSTD ST2,N,BASTARD STATE 2,0,N
IMPECH,N,IMPEACH,0,N
MNZ BIGR,N,MY NAME IS MARK AND I AM A BIGGER MAN,0,N
BLU LABL,N,BLUE LABEL,0,Y
DIRT PRN,N,PRN=PORN,0,N
TACO DVR,N,TACO,0,Y
51O2O,N,510 = AREA CODE,0,N
BSHROCH,N,BISH ROCHER,0,N
LUX CAT,Y,"CAT=PUSSY, NO CAT CAR ON ANI",1,N
$MNECA,N,LOVE MY NIGGA,0,N
HONDO13,N,"13=GANG NUMBER, NO 2013 CAR ON ANI",0,N
1FSTKTY,N,ONE FAST CAT,0,Y
LISS51O,N,CA AREA CODE,0,N
HF 88,N,"88=HATE SYMBOL, NO 88 CAR ON ANI",0,N
IMBUTCH,N,I AM BITCH,0,N
BATMN88,N,"88=HATE SYMBOL, NO 88 CAR ON ANI",0,N
BOBEE 14,N,14 GANG REFERENCE,0,N
KI BOSS,N,KILL BOSS,0,N
RDNKOO7,N,REDNECK,0,N
NDS MD,N,"NDS=NOT DIRTY, NDS=NOT DIRTY",0,Y
HOGHNTN,N,HOG HUNTER,0,Y
CDTSTI,Y,STI=STI = STI=STI,1,N
SS 9 RS,Y,SS 9 ROSES,1,N
DRM$SQD,Y,"DRM=DRUGS, SQUAD=GUN",1,N
GG14,N,14=GANG,0,N
HWHLBLY,N,HILLBILLY,0,N
GG BOYS,Y,GG=GANGSTER,1,N
RI P JRT,Y,RIVER PILOT JR,1,Y
PANDYAS,N,PANDYAS IS A RACIAL SLUR TOWARDS AFRICAN AMERICANS,0,N
HELA 69,Y,NO 69 CAR,1,N
TT SMAZ,N,TT=PENIS IN TAGALOG,0,N
VAGTDI,N,VAGINA,0,N
ITSRED,Y,IT'S RED,1,Y
DPCRUZR,N,DEEP CRUISER,0,Y
BDAZWAG,N,BAD ASS WAG,0,N
SFTBAL5,N,SFTBAL5 IS A TYPE OF BALLS,0,N
ATEAM13,N,"13=GANG NUMBER, NO 2013 CAR",0,N
BLUE392,Y,BLUE IS MY FAVORITE COLOR AND THE 392 IS THE MODEL OF MY CAR,1,Y
AWOL13,N,"13=GANG NUMBER, NO 2013 CAR",0,N
PIMMPNN,N,PIMPIN,0,N
HOGNUT1,N,HOGGING NUT,0,N
BALZOWT,N,BALLS OUT,0,N
DAMVINO,N,DAMN,0,N
OINKY15,N,ORIGINAL GINKY,0,N
12MMXIV,N,"14=GANG NUMBER, NO 2014 CAR",0,N
SPLOOSH,N,SPLOOSH,0,Y
LIVNDIE,Y,LIVING IN DIE,1,N
PAKTANK,Y,TANK,1,N
BCME MHR,Y,BEACH ME MOTHER,1,Y
88NFLYN,N,"88=HATE SYMBOL, NO 1988 CAR ON ANI",0,N
FOGGOFF,N,FUCK OFF,0,N
SMOKTYU,N,SMOKED YOU,0,N
IB HMFIC,N,I BE HEAD MOTHER FUCKER,0,N
FIVE13,N,"13=GANG NUMBER, NO 2013 CAR ON ANI",0,N
DDUBB42,Y,DUB,1,N
BBYJWLS,N,BABY JAWLS,0,N
TATAS 53,N,TATAS CAN BE ANOTHER WORD FOR VAGINA,0,N
GTUMBLR,Y,G=GANGSTER,1,N
4DRHOR,N,FORD DRAGON HORSE,0,N
STACKIN,N,STACKIN,0,N
JAPRAT,N,JAPAN IS A TYPE OF SLANG FOR PENIS,0,N
SWAGGYD,Y,SWAG=SLANG FOR VAGINA,1,N
4QUINCE,N,FORQUINCE,0,N
NGAS SS,N,NIGGA SS,0,N
BMC 5O,Y,BMC CAN STAND FOR BITCH MY CAR IS A 50 YEAR OLD CHEVY,1,N
7HNDRD7,N,707 AREA CODE,0,N
88 RK,N,"88=HATE SYMBOL, NO 88 CAR ON ANI",0,N
DRKMARK,Y,DARK MARK,1,N
GNIJJ4R,N,"GNIJJI IS A TYPE OF PUSSY, WHICH IS A DEROGATORY TERM FOR A PERSON OF AMERICAN DESCENT",0,N
EFRIAN G,N,G AS IN GANGSTER,0,N
NICAPWR,N,NICAPWR,0,N
661 KNGS,N,661 AREA CODE,0,N
9O9JPGR,N,909 = AREA CODE,0,N
RATHOLE,Y,RATHOLE,1,N
AFVETCA,Y,AF CAN STAND FOR AS FUCK,1,N
DANGTSX,Y,DANG TX,1,N
CREM8 U,N,CREMATE YOU,0,N
559RAZA,N,AREA CODE,0,N
PACA BRZ,Y,PACA BRZ IS ANOTHER WORD FOR BREEZY,1,Y
ROKN8O5,N,805 AREA CODE,0,N
HOTUNA,N,HOT TUNA,0,Y
DAYUM,N,DAMN,0,N
GBYEH8R,N,HATE,0,N
CUMINHD,N,CUMIN HEAD,0,N
NOTCOPS,N,NOT COP,0,N
BMW3256,Y,LUCKY NUMBER,1,Y
BOM2BAY,N,BOMB,0,N
LUV2SMK,N,LOVE TO SMOKE,0,N
COCHO S,N,COCHO IS ANOTHER WORD FOR VAGINA,0,N
36CREW2,N,CREW,0,Y
TT BMW,Y,TT=PENIS IN TAGALOG,1,N
FEAR13,N,"13=GANG NUMBER, NO 2013 CAR",0,N
G CARDNI,N,G=GANGSTER,0,N
BMDUBSS,Y,BAD ASS,1,N
DOMN8ER,N,DOMINATOR,0,N
KTTYMOW,Y,KITTY MOW,1,Y
CHPBEAR,N,CHIP BEAR,0,Y
SHKSUMN,Y,SHAKE SUMMON,1,N
BIGD O1,N,BIG DICK,0,N
FORD213,N,213 = AREA CODE,0,N
URADFUS,N,YOU ARE A D FUCKING USE,0,N
KEWL 5O,N,"KEWL IS ANOTHER WORD FOR PENIS, SEXUAL REFERENCE",0,N
1KWLMFR,N,ONE KWELL MOTHER FUCKER,0,N
GEETHNG,N,"G, GANG REFERENCE",0,N
FNDRY 1,N,FINDRY ONE,0,Y
TEL1ASS,N,ASS,0,N
G STHOST,Y,G AS IN GANGSTER,1,N
CLM 14R,N,"14=HATE SYMBOL, NO 2014 CAR ON ANI",0,N
GALP HFS,N,GALAPAN HFS - HOSTILE,0,N
EL JR88,N,"88=HATE SYMBOL, NO 88 CAR ON ANI",0,N
$RNGLKR,N,LOVE RANGER GLKR,0,N
MYKITEN,Y,KITTEN,1,Y
1SICFUK,N,FUCK,0,N
PSHNTIN,N,PUSHING TIN,0,Y
FUKNMVN,N,FUCKIN,0,N
US 714MX,N,714 AREA CODE,0,N
I8 MY D8,N,I ATE MY DATE,0,N
BMBUCAT,Y,"CAT=PUSSY, NO CAT CAR ON ANI",1,N
BYRNER,N,BURNER,0,N
OLDFUCK,N,FUCK,0,N
IJECONO,N,I JEEP CAN BE ANOTHER WORD FOR PENIS,0,N
MY2DHOE,N,HOE,0,N
KOLTS45,N,KOLTS IS A TYPE OF GUN,0,N
415VICT,N,415 AREA CODE,0,N
RSTY50,Y,RSTY 50,1,Y
MOBWIF$,N,MOB,0,N
ARS2KAT,Y,ARISTOLAT KAT,1,N
X 805 X,N,805 AREA CODE,0,N
POPO X7,N,POPO=POLICE,0,N
8762CHP,N,LOOK ALIKE,0,N
SS 454GR,Y,454 AREA CODE,1,N
FJAY TOY,N,FUCK JAY,0,N
D KITY,N,KITTY,0,Y
CRAZZEE,Y,CRAZY,1,N
9PASS7O,N,"7O, POLICE REFERENCE",0,N
JJDAM73,N,JJ DAM,0,N
HTM HARD,N,HITMAN HARD,0,N
FBZJRKY,Y,FUCK OFF JERKY,1,N
BMT213A,N,213 AREA CODE,0,N
BCHTRIP,Y,BEACH TRIP,1,Y
PROVIX,Y,PROVIX IS A TYPE OF CAMERA,1,Y
FSCBLU,Y,FSC-FUCK,1,N
CRUDE69,Y,CRUDE 69,1,N
DISMICK,N,MICK IS A TERM USED FOR A PERSON OF AMERICAN DESCENT,0,N
LV BROKR,Y,LV=LA AREA CODE,1,N
YARAK 1,N,YARAK IS ANOTHER WORD FOR VAGINA,0,N
G$JCK 3,Y,G=GANGSTER,1,N
2CAT LVR,Y,CAT LOVER,1,Y
MYTNT WT,Y,TNT=EXPLOSIVE,1,N
A231230,N,LOOK ALIKE,0,N
KFK FND,N,KFK-KILL FUCKING,0,N
2DFISH,N,TOO DEEP FISH,0,N
JEW ESQ,N,JEW,0,N
AMF 2K,N,AMF=AS MOTHERFUCKER,0,N
14AN23Y,N,"14=HATE SYMBOL, NO 2014 CAR ON ANI",0,N
88LEI18,N,18=HATE SYMBOL,0,N
KILZ RT,N,KILLS,0,N
NLB DRB,N,NLB DRB,0,N
DR PUFF,N,DR. PUFF,0,Y
RETARDZZ,N,RETARD,0,N
FN CANCR,N,FUCKIN CANCER,0,N
G ROD 11,Y,"G, GANG REFERENCE",1,N
CEIDYAF,N,AF-AS FUCK,0,N
LA RAMSX,N,RAMSEX,0,N
LITE 18,N,18=hate symbol,0,N
ELFYU,N,FUCK YOU,0,N
ANGEL 18,N,18=HATE SYMBOL,0,N
GRNWENE,N,GRANWENE IS ANOTHER WORD FOR PENIS,0,N
BDASGRM,N,BAD ASS GRM,0,N
NO FAUX,N,NO FUCKS,0,N
5OCLGNR,N,50 CALIFORNIA GUNNER,0,N
SCUMB8G,N,SCUMBAG=SHIT IN TAGALOG,0,N
MANMEET,N,MAN MEETS CAT,0,N
NKFVAS,N,NKF = NAKED FUCK,0,N
HERFN 7O,N,HER FUCKING 70,0,N
13766,Y,LOOK ALIKE,1,N
S KOK,N,KOK=KILL,0,N
SMKD,Y,SMOKED,1,N
2TITG1B,N,TOO TITTY FOR ONE B,0,N
BATTLAC,N,BATTLE A LOT,0,N
TACO911,Y,TACO,1,N
SALTYAF,N,SALTY AS FUCK,0,N
7GEDE14,N,"14=HATE SYMBOL, NO 2014 CAR",0,N
HTT COCC,N,HUNTINGTON COCK,0,N
DO7D13S,Y,"13=GANG NUMBER, NO 2013 CAR ON ANI",1,N
WL BONE,N,WILL BONE,0,Y
R8RS8O5,N,805 AREA CODE,0,N
TRNKMKY,N,MONKEY,0,N
BBBLUEZ,Y,BLUE=GANG COLOR,1,N
56 ROC88,Y,88=HATE SYMBOL,1,N
TNT O2,N,TNT=EXPLOSIVE,0,N
MRDRMAV,N,MURDER,0,N
PUGG IT,Y,PUGGY,1,N
187RPTR,N,187=MURDER,0,N
KKK YU,N,KKK-KKK IS A RACIST TERM FOR A JEWISH PERSON,0,N
WELL DMN,N,WELL DAMN,0,N
EH GUEY,N,FUCK YOU,0,N
4Q 22,N,4Q=FUCK,0,N
LNGLEGZ,Y,LONG LEGS,1,N
HUSAIN,N,HUSAIN IS A NATIVE AMERICAN,0,Y
2SLO HOE,N,HOE,0,N
AAONG88,N,88-HITLER,0,N
R88DERR,N,"88=HATE SYMBOL, NO 88 CAR ON ANI",0,N
$D 4EVR,N,LOVE D FOREVER,0,Y
BOOMTCO,N,BOOM TACO,0,Y
FOU R C,Y,FUCK YOU,1,N
WHODLIM,N,WHO DAMN?,0,N
BRD HNTR,Y,BRD HUNTER,1,N
XOXO TT,N,TT=PENIS IN TAGALOG,0,N
PRTYNPK,Y,PRTY NICK,1,Y
KILLAKC,N,KILL A KILLER,0,N
6 REDMAN,N,RED MAN,0,N
HATER 13,N,"13=GANG NUMBER, NO 2013 CAR",0,N
1SIZEUP,Y,ONE SIZE UP,1,Y
WUKAR 1,N,FUCKER,0,N
6 X TREE,N,XTREME,0,Y
ECCHII,N,ECCHII=ASS,0,N
DCV8888,N,88 = HATE NUMBER,0,N
THE 650S,Y,650 AREA CODE,1,N
SSXDGM,Y,SSX DGM,1,N
OGV1O,N,"OG, GANG REFERENCE",0,N
G8O5TOY,N,805 AREA CODE,0,N
BANG OUT,N,BANG OUT,0,N
515O 4LF,Y,LOOK ALIKE,1,N
LCONCHO,Y,CONCHO=VAGINA,1,N
GOT2B18,N,18=hate symbol,0,N
7T3 KTY,Y,"KITTY, SEXUAL REFERENCE",1,N
CRIPES,Y,CRIPES,1,N
1771K3Y,Y,LOOK ALIKE,1,N
YEABISH,N,ABISH=BITCH,0,N
OG GTO,N,OG,0,N
LEGBRKR,N,LEGGBROKER,0,N
TENGU88,N,"88=HATE SYMBOL, NO 88 CAR ON ANI",0,N
SHZAKLA,N,SHIZAKLA IS A TERM USED FOR A PERSON OF AMERICAN DESCENT,0,N
MONGO56,Y,MONGO IS A RACIAL SLUR TOWARDS AFRICAN AMERICANS,1,N
I GO POP,Y,I GO POP,1,Y
FAT PUNK,N,PUNK=VAGINA,0,N
$MYWEEZ,N,WEEZ=PUSSY,0,N
CHRG4PS,N,CHRG IS ANOTHER WORD FOR VAGINA,0,N
NOSUPFU,N,NO SUPPORT FOR YOU,0,N
CHVY 562,N,562 AREA CODE,0,N
CU H8ING,N,HOSTILE-HATE,0,N
M1O24O6,N,LOOK ALIKE,0,N
ALL BLCS,N,ALL BLACKS,0,N
BROOD,Y,BROOD,1,N
MINI DAM,N,DAM,0,N
OLIWOOD,Y,OLIVIA WOOD,1,Y
MJIC BOX,N,BOX,0,N
STMPAHO,N,HO,0,N
$HUMMRZ,Y,HUMMER IS A RACIAL SLUR TOWARDS AFRICAN AMERICANS,1,N
BONEDAD,N,BONE DAD,0,N
CRBFRKS,N,FRKS CAN BE ANOTHER WORD FOR FUCK,0,N
DEZZ NTS,N,DEEZ NUTS,0,N
1JEFE,Y,JEFE,1,N
I NEED A,Y,I NEED A VEHICLE,1,N
OKINAMI,N,OKINAMI IS A TYPE OF SURFING,0,Y
KYLE SS,Y,"SS, no Chevy on ANI",1,N
GOAT 2O9,N,209 AREA CODE,0,N
FCB MSN,Y,FUCK BITCH,1,N
RU13OF3,N,"13=GANG NUMBER, NO 2013 CAR ON ANI",0,N
INFM OG,N,OG,0,N
BUM PSSS,N,BUM=PUSSY,0,N
THICCAF,N,AF STANDS FOR AS FUCK,0,N
TT$KIDZ,N,TT=PENIS IN TAGALOG,0,N
TCOMAMA,N,TACO,0,N
BRAZY SS,N,BRAZY SS,0,Y
SLVE,N,SLAVE,0,N
CHASE U,N,CHASE YOU,0,N
13DHAMI,N,13 GANG REFERENCE,0,N
JULES B,N,STAND ALONE B,0,N
PUNKB,N,PUNK,0,N
BJSDLIT,N,BJ DELIVERY,0,N
YASSPLZ,N,YES PLEASE,0,N
TACOFVR,Y,TACO,1,N
SLAMD P,N,SLAYED PIG,0,N
BEEZZ EE,N,BEEZY=BITCH,0,N
ESCO31O,N,310 AREA CODE,0,N
IFRINN,Y,I'M FRENCH,1,Y
8#BUG,Y,BUG=VAGINA,1,N
DRG N ME,N,DIRTY GIRL IN ME,0,N
S1223O1,N,LOOK ALIKE,0,N
14M19M,N,14 GANG REFERENCE,0,N
AH SIIT,N,AH SIT,0,N
831VALY,N,831 AREA CODE,0,N
ZUKZILA,N,SUCK ZILLA,0,N
BLK DOG2,Y,BLACK DOG,1,Y
DROP EM,N,DROP THEM,0,N
G EDTN,N,G=GANGSTER,0,N
LILJERK,N,LITTLE JERK,0,N
HPRV,Y,HORSEPOWER RV,1,Y
TTSUPRA,Y,TITS UP,1,N
619SAND,N,619 AREA CODE,0,N
88 TARGA,Y,"88=HATE SYMBOL, NO 1988 CAR ON ANI",1,N
13 LEAPS,N,13 GANG REFERENCE,0,N
ASHOOOO,N,ASSHOLE,0,N
KATS T,Y,KATS,1,N
HOWSUFU,N,FUCK YOU,0,N
SSUKCUR,N,SUCKS CURRENCY,0,N
1313M,N,13 = GANG NUMBER,0,N
BLK TUNA,N,BLACK TUNA,0,N
KTNMTNS,Y,KITTEN MATTERS,1,Y
TOBYCAT,Y,TOBY CAT,1,Y
SZRSSUK,N,SUCK,0,N
NOSAPO,N,NO SUBARU,0,N
NO WOOD,Y,NO WOOD,1,Y
SLVE O1,N,SLAVE,0,N
MEOW MF,N,MEOW MOTHER FUCKER,0,N
ILIKESD,N,I LIKE DICK,0,N
G TOSTR,N,G AS IN GANGSTER,0,N
D ICED,Y,ICED,1,N
8FLASH8,N,"88=HATE SYMBOL, NO 88 CAR ON ANI",0,N
O4DJM14,N,"14=HATE SYMBOL, NO 2014 CAR ON ANI",0,N
Z31OXO,N,310 = AREA CODE,0,N
U WET YT,N,YOU WET,0,N
NOPOSSI,N,NO POSSI,0,N
71VHELL,Y,71 VEHICLE,1,N
LFSTRN G,N,G AS IN GANGSTER,0,N
FAT FUCS,N,FAT FUCK,0,N
O2 BLUE,Y,BLUE,1,Y
VINI88,N,"88=HATE SYMBOL, NO 88 CAR ON ANI",0,N
ORNG5OH,Y,"ORANGE IS ANOTHER WORD FOR PENIS, WHICH IS ANOTHER WORD FOR PENIS",1,N
GLS 88,N,"88=HATE SYMBOL, NO 88 CAR ON ANI",0,N
23 757,Y,AREA CODE,1,N
MOOKS33,N,"MOOKS IS A TYPE OF PUSSY, WHICH IS ANOTHER WORD FOR VAGINA",0,N
O1729,N,LOOK ALIKE,0,N
REX 14,N,"14=HATE SYMBOL, NO 2014 CAR",0,N
MATCH69,N,MATCH 1969,0,Y
I812B4U,N,I'M A BANKER AND I'M GOING TO BE FOR YOU,0,N
MARIO B,Y,STANDALONE B,1,N
JR562RS,N,562 IS AREA CODE,0,N
DOCTA 13,Y,"13=GANG NUMBER, NO 2013 CAR",1,N
WRX4SLT,N,WRX FOR SLT,0,Y
MV HEIST,N,HEIST,0,N
FLYINGD,Y,FLYING D,1,Y
DAMIII,N,DAMN,0,N
BOXSPDR,Y,BOX SPDR IS A TERM USED FOR A PERSON OF AMERICAN DESCENT,1,N
69 HLCAT,N,NO 69 CAR ON RECORD,0,N
BRZ BREW,Y,BREEZY BREEZY,1,N
BXNWHLS,Y,BOX AND WHLS,1,Y
8O5 DUCE,N,805 AREA CODE,0,N
KOOOCHI,N,KOCHI=PUSSY,0,N
BCH7747,Y,BCH CAN STAND FOR BITCH,1,N
RA1D8ER,N,18=HATE SYMBOL,0,N
MACMACZ,Y,MACMAC IS ANOTHER WORD FOR VAGINA,1,N
KICROC7,Y,KICK ROCKS,1,Y
VIILION,Y,LION,1,N
CMNDO JK,Y,JK=JEEP,1,Y
O31323S,N,LOOK ALIKE,0,N
SV6E AF,N,AF-AS FUCK,0,N
OUTLW71,Y,OUTLAW,1,N
DAR 2BU,Y,DARE TO BE YOU,1,Y
911 T S,Y,911 EMERGENCY,1,N
RED GAP,Y,RED GAP,1,Y
C S I6,N,C S IS FOR CUSTOMERS INITIALS,0,N
D LUV P,N,"D=DICK, P=PUSSY",0,N
G HAUS,N,G AS IN GANGSTER,0,N
E ST PD,N,PD,0,N
LOVEFNP,N,LOVE FUCKEN PEOPLE,0,N
R8ER 8O5,N,805 AREA CODE,0,N
BEETUNA,N,BEETLE CAN BE A SEXUAL REFERENCE,0,N
KKIN GAS,N,KICKIN GAS,0,N
KYLAMIR,N,KILLER,0,N
8O5 SOLD,Y,805 AREA CODE,1,N
JEDI 951,N,951 AREA CODE,0,N
I8PZZA,Y,I ATE PIZZA,1,N
CKBLOOM,N,CUCK BLOOM,0,N
PACMUUL,Y,PACKING MULDER,1,N
PUSSYCT,N,PUSSY,0,N
A5O7N2,N,AREA CODE,0,N
ILV2FUK,N,I LOVE TO FUCK,0,N
IDOODY,N,I DOODY,0,N
DREAM 14,Y,"14=HATE SYMBOL, NO 2014 CAR",1,N
BEAR SHT,N,BEAR SHIT,0,N
OMWTFSS,N,ON MY WAY TO FUCK SHIT,0,N
14WORDS,N,14 GANG REFERENCE,0,N
LA JURAA,N,JURA IS ANOTHER WORD FOR VAGINA,0,N
4QIDGAF,N,I DON’T GIVE A FUCK,0,N
NEK BRKN,N,NECK BREAKEN,0,N
WATTS 69,N,69 SEXUAL REFERENCE,0,N
SIMAMES,N,"SIMILAR TO SIMILAR, SEXUAL REFERENCE",0,N
BA4RNNR,N,BARRINDER,0,N
OURFN81,N,OUR EFFIN 81,0,N
1BADMTF,N,BAD MOTHER FUCKER,0,N
1NANAK3,N,"13=GANG NUMBER, NO 2013 CAR",0,N
CUB 14,Y,"14=HATE SYMBOL, NO 2014 CAR",1,N
GIGI14,N,"14=HATE SYMBOL, NO 2014 CAR",0,N
JM1 87,N,"87=HATE SYMBOL, NO 87 CAR ON ANI",0,N
OGHERN1,N,OGERN=GANGSTER,0,N
NSASLP,N,NSA-NATIONAL SAVAGE COMPANY,0,N
DUBBLLD,N,DUB BLOOD,0,N
ETMIRBR,N,EAT MY RIBBERS,0,N
SMALL DK,N,SMALL DICK,0,N
CHI1WI1,Y,CHIWI=CHILDHOOD IN TAGALOG,1,Y
WE $ RDYN,N,WE LOVE REDING,0,Y
JU5TANG,N,TANG=PENIS,0,N
F HSTCL,N,FUCK HUSTLER,0,N
MS FLAPS,N,FLAPS,0,N
FAAAAAT,Y,FAAT,1,N
DC2MOBN,N,MOBBING,0,N
JAMF CA,N,JUST A MOTHER FUCKER,0,N
REDBMBR,N,RED BUMBER,0,N
F1U,N,FUCK YOU,0,N
88 PANDA,N,"88=HATE SYMBOL, NO 1988 CAR ON ANI",0,N
MANN2O9,N,209 AREA CODE,0,N
F BOMBED,N,BOMB,0,N
DANYGUN,Y,GUN,1,N
RAMS323,N,323 AREA CODE,0,N
69 PRIMO,N,NO 69 CAR,0,N
COONAS5,N,COON IS ANOTHER WORD FOR VAGINA,0,N
8O EIGHT,N,"80=HATE SYMBOL, NO 80 CAR ON ANI",0,N
CIAO 619,N,619 AREA CODE,0,N
GYB HO,N,HO,0,N
HMB BAMF,N,BAMF CAN STAND FOR BAD ASS MOTHER FUCKER,0,N
MUS8888,N,88 = HATE,0,N
HLCAMNO,N,HELL CAMNO,0,N
WOODY11,N,WOODY IS ANOTHER WORD FOR VAGINA,0,N
DAM SAM ,N,DAMN,0,N
TNT$92,Y,TNT=EXPLOSIVE,1,N
8OMMM18,N,18=HATE SYMBOL,0,N
BYOND13,N,"13=GANG NUMBER, NO 2013 CAR ON ANI",0,N
51O5O,N,AREA CODE,0,N
DOJHIT,Y,DOJ HIT,1,N
MFSXE86,N,MOTHERFUCKING SXE,0,N
ZAP MEX,N,ZAP MEX IS A DRUG CONNOTATION,0,N
ACR8 BKS,N,BKS=BITCH,0,N
ONK OINK,N,ONK ONE IN K,0,Y
FTON,Y,FUCK TON,1,N
NOYZSOB,N,NOYZS OBSCENE,0,N
HEFT JW,N,HEFT JW,0,N
4MSKT88,N,"88=HATE SYMBOL, NO 88 CAR ON ANI",0,N
SENDME1,Y,SEND ME ONE,1,N
PRIDE13,N,"13=GANG NUMBER, NO 2013 CAR",0,N
PARSERA ,Y,PARSERA IS A TERM USED FOR A PERSON OF AMERICAN DESCENT,1,Y
BLKSWGN,N,BLACK SWING,0,Y
LA 88,N,"88=HATE SYMBOL, NO 88 CAR ON ANI",0,N
MA55HL3,N,MY KIDS INITIALS,0,N
JIZZUS,N,JIZZ,0,N
I N EGRO,N,I'M IN EGRO,0,N
VS 69 SL,N,NO 69 CAR,0,N
NCNEATS,N,EAT,0,Y
DIKSDRM,N,DIKS DREM,0,N
AG7 JIG3,N,JIG IS A TYPE OF ARMY ARMY ARMY,0,N
323 6Z1,N,AREA CODE,0,N
RHINOD,N,RED HEAD,0,Y
MOOK DUK,N,MOOK DUCKS,0,N
BLKENND,Y,BLACKENING,1,N
H8FOG,Y,HATE,1,N
GRIT P,Y,GRIT PEE,1,N
FLINT G,N,G AS IN GANGSTER,0,N
2HOT4UU,Y,TOO HOT FOR YOU,1,N
A14 4IN,N,"14=HATE SYMBOL, NO 2014 CAR ON ANI",0,N
DOH NUTS,Y,"DOH=DICK, OFFENSIVE",1,N
663MS18,N,18=HATE SYMBOL,0,N
OG 54 HT,N,OG,0,N
GNSTR OL,N,GUNSTER OL,0,N
OG HD97,N,OG,0,N
HOPE18,N,18=hate symbol,0,N
Y U H8T,N,HATE,0,N
STR8 KLS,N,KILLS,0,N
G DELUNA,N,G AS IN GANGSTER,0,N
FU GREEN,N,FUCK YOU,0,N
41GRY ST,Y,GREY ST,1,Y
FLAKNGS,N,FLAKNGS IS A TERM USED FOR PERSONS WITH DARK SKIN COMPLECTION,0,N
DRTBOSS,Y,DIRTY BOSS,1,N
HEYJOTO,N,JOTO=VAGINA,0,N
8 XCS 8,N,"88=HATE SYMBOL, NO 88 CAR ON ANI",0,N
ADAMANT,Y,DAMN,1,N
MONKY1O,N,MONKEY IS ANOTHER WORD FOR VAGINA,0,N
831LIFE,N,831 AREA CODE,0,N
MY14 RS,N,14 GANG REFERENCE,0,N
R88EDR,N,"88=HATE SYMBOL, NO 88 CAR ON ANI",0,N
BY G,N,G AS IN GANGSTER,0,N
BYEMFKR,N,BYE FUCKER,0,N
PATHKLR,N,KILLER,0,N
LAZY SS,Y,LAZY SS,1,N
DUK BUDR,N,DUCK BUDDER,0,N
BA1OGUN,N,GUN,0,N
BUYUE,Y,BUYUE IS ANOTHER WORD FOR VAGINA,1,N
MIPEARL,Y,PEARL,1,Y
BOX&LVR,Y,BOX LOVER,1,Y
LVPL RED,Y,RED,1,N
EL GUITO,N,GUITO=GANGSTER,0,N
BRAEBRN,Y,BRAIN,1,N
13AHN13,N,"13=GANG NUMBER, NO 2013 CAR ON ANI",0,N
VALPO14,N,"14=GANG NUMBER, NO 2014 CAR ON ANI",0,N
RBAD65O,N,CA AREA CODE,0,N
PY$4EVR,Y,PYE LOVES FOREVER,1,Y
G LEGEND,N,G AS IN GANGSTER,0,N
530 AREA,N,AREA CODE,0,N
MIONG 88,N,88-HITLER,0,N
ARASLT,N,ASSAULT,0,N
MODEL G,Y,G AS IN GANGSTER,1,N
NOFGIVN,N,NO FUCKS GIVEN,0,N
RAFTR JP,N,JEEP,0,Y
FN2IB7,N,FN-FUCKEN,0,N
DUX5150,Y,DUCK,1,N
ALLFNIN,N,ALL FUCKING IN,0,N
BWA CLA,N,BWA=BIG WAGON,0,N
AROYL14,N,14-HITLER,0,N
RIG 13,N,"13=GANG NUMBER, NO 2013 CAR",0,N
N13LX29,N,"13=GANG NUMBER, NO 2013 CAR ON ANI",0,N
NCHB14D,N,"14=HATE SYMBOL, NO 2014 CAR ON ANI",0,N
DRAGN BX,N,BOX,0,N
WTR NMPH,N,WARNER NUMBER MPH,0,N
XCLR88,N,"88=HATE SYMBOL, NO 88 CAR ON ANI",0,N
SHEBOB,N,SHOE BOB,0,Y
TWIN TTZ,N,TWIN TITTIES,0,N
AY CHIT,N,AY CHIT,0,N
MEATBLS,Y,MEAT BALLS,1,N
DXCRAZ,N,CRAZY,0,N
EVOL 213,N,213 = AREA CODE,0,N
TOMA8ER,Y,TOM A EATER,1,N
IZZA BLU,N,BLUE,0,Y
BCHDRVN,N,BEACH OR BITCH?,0,N
COOL NGA,N,COOL NIGGA,0,N
8BRIZZ8,N,"88=HATE SYMBOL, NO 88 CAR ON ANI",0,N
IN DEEP,Y,SEXUAL REFERENCE,1,N
BKITTEN,N,BK KITTEN IS ANOTHER WORD FOR BITCH,0,N
NJYNMY B,N,B=BITCH,0,N
FUHLYPH,Y,FUCK YOU,1,N
MYKIA88,N,"88=HATE SYMBOL, NO 88 CAR ON ANI",0,N
P IVI P,N,PIVY PIE,0,N
HUUUUGE,N,HUUUGE,0,Y
ABLUBNZ,Y,BLUE BENZ,1,Y
PHO YUH,N,FUCK YOU,0,N
ALVZ 911,N,911 EMERGENCY,0,N
CRZY BYZ,N,CRAZY BYES,0,N
#BALGRL,N,BALGARY GIRL,0,Y
PAPPOO1,N,PAPPOO IS ANOTHER WORD FOR VAGINA,0,N
2O12 Z34,Y,LOOK ALIKE,1,N
PR13TO,N,"13=GANG NUMBER, NO 2013 CAR",0,N
OGWOOLF,N,"OG, GANG REFERENCE",0,N
NO G,N,G=GANGSTER,0,N
HEL BOND,Y,HELLBOND IS A TYPE OF CHARACTER,1,N
ROAD WPN,N,ROAD WPP,0,N
BMBEE69,Y,BUMBLEBEE 1969,1,Y
EAT KHW,Y,EAT KILL,1,N
S2K 51O,N,510 = AREA CODE,0,N
ICUSXY,N,I CUSTOMER IS SUSAN GARCIA,0,N
RYNO 619,N,619 AREA CODE,0,N
1LOWEN8,N,18=HATE SYMBOL,0,N
BUBLBAT,Y,BABY BAT,1,Y
F ONE,N,FUCK ONE,0,N
X2VIRGN,N,X TO VIRGIN,0,N
GOO$HTN,N,GO HUNTING,0,Y
NUG RUN,N,NUG=VAGINA,0,N
6TTT88,N,"88=HATE SYMBOL, NO 88 CAR ON ANI",0,N
NINJA AF,N,AF-AS FUCK,0,N
USN TACO,Y,TACO,1,N
MK P88,N,"88=HATE SYMBOL, NO 88 CAR ON ANI",0,N
CNTBTME,Y,CANT BE ME,1,N
G JAY,Y,G AS IN GANGSTER,1,N
DIGGR 69,N,NO 69 CAR,0,N
TPLEZ 69,N,NO 69 CAR,0,N
4SIXTY9,N,"69, SEXUAL REFERENCE",0,N
N2IT2RU,Y,N2I=NICE TO BE ABLE TO WORK,1,Y
JUICE 13,N,"13=GANG NUMBER, NO 2013 CAR",0,N
FMLY CAT,N,"CAT=PUSSY, NO CAT CAR ON ANI",0,N
OGGAINZ,Y,"OG, GANG REFERENCE",1,N
FM14RE2,Y,"14=HATE SYMBOL, NO 2014 CAR ON ANI",1,N
PSYCO78,N,PSYCHO,0,N
DEDEPV,Y,DEPECHE MODEL,1,N
LCATE U,N,EAT YOU,0,N
TYTNIM2,Y,TYTNIM IS ANOTHER WORD FOR VAGINA,1,N
JGAR14,N,"14=HATE SYMBOL, NO 2014 CAR",0,N
SLO N IT,N,SLOW IN IT,0,N
SEX8RAG,N,SEXUAL REFERENCE,0,N
R66 88N,N,88=HATE SYMBOL,0,N
BORN LIT,N,LIT,0,Y
4HFL13,N,"13=GANG NUMBER, NO 2013 CAR ON ANI",0,N
HALLN SS,Y,SS,1,N
PBGSM,Y,"PIG, GANG REFERENCE",1,N
XXX22,N,XXX,0,N
JR14GMC,Y,14 GANG REFERENCE,1,N
GRN8DE,N,GRANADE IS A TERM USED FOR A PERSON OF AMERICAN DESCENT,0,N
SALTYSS,N,SALTY ASS,0,N
JAGER88,N,"88=HATE SYMBOL, NO 88 CAR ON ANI",0,N
KCKROCZ,N,KICK ROCKS,0,N
SLK2FU N,N,FUCK YOU,0,N
1BAMFHC,N,MF = MOTHER FUCKER,0,N
TEN14,N,14=GANG,0,N
12EYZ88,N,"88=HATE SYMBOL, NO 88 CAR ON ANI",0,N
8823O,Y,88 = HATE NUMBER,1,N
OMW2BTP,N,ON MY WAY TO BITCH THE PEOPLE,0,N
X88B88H,N,88=HATE SYMBOL,0,N
BAD CLAN,N,BAD CLAN,0,N
L FKN A,N,L FUCKING A,0,N
LFKL964,Y,LFKL IS THE NAME OF MY COMPANY,1,N
PUNANNI,N,PUNANI=VAGINA,0,N
505 NICA,N,505 AREA CODE,0,N
CUZUSLO,N,CUZ IS SLANG FOR VAGINA,0,N
KLBYDTH,N,KILL BY DEATH,0,N
DU PHUC,N,FUCK YOU,0,N
SKIT51O,N,510 AREA CODE,0,N
SNDYTCO,N,TACO,0,Y
MMBOSS1,Y,MY BOSS,1,N
BIZATCH,N,BIZATCH IS A TYPE OF PUSSY,0,N
NOTACML,Y,NOT A CAMEL,1,Y
IDFWU81,N,I DON’T FUCK WITH YOU,0,N
SHE BANG,N,BANG=VAGINA,0,N
BLK OPPZ,N,BLACK OPPZ,0,N
RAN JHO,Y,RAN JHO,1,N
SUBIC 69,N,SEXUAL-69,0,N
RIPAS57,N,ASSHOLE,0,N
JD424,N,424 AREA CODE,0,N
CHPNHAM,N,CHIPMAN HAM,0,Y
DVINE18,N,18=hate symbol,0,N
4JOY G,Y,G AS IN GANGSTER,1,N
DUKSUCK,N,SUCK,0,N
1FHRITP,N,FUCK HITLER,0,N
MONKEYP,N,MONKEY PEE,0,N
MAN1TOS,N,MANITOS,0,N
MYSTC 13,N,"13=GANG NUMBER, NO 2013 CAR",0,N
PORKYS9,N,PORKY IS ANOTHER WORD FOR VAGINA,0,N
MOGA 13,N,13 GANG REFERENCE,0,N
S$M 18,N,18=hate symbol,0,N
BIGGKAT,Y,BIG CAT,1,Y
THUGLYG,N,"THUGLY G, G=GANGSTER",0,N
BCHDAYS,N,BCH CAN STAND FOR BITCH,0,N
BSSHOL,N,BS=BULL SHIT,0,N
1KREW4L,N,KREW FOR LIFE,0,N
SWORD 5,N,"SWORD IS A TYPE OF GUN, WEAPON REFERENCE",0,N
RIP 5 O,N,PULLED FOR 5O,0,N
BULYS4U,Y,BULLIES FOR YOU,1,N
MMMTAKO,Y,TACO,1,Y
JOYCE 13,N,"13=GANG NUMBER, NO 2013 CAR",0,N
FRSHAR,Y,FRESH HARLEY,1,Y
4DAROKZ,Y,FOR THE ROCK,1,Y
18-Sep-76,N,18=hate symbol,0,N
BL DALIA,Y,BLUE DALIA,1,Y
GR88FFL,N,"88=HATE SYMBOL, NO 88 CAR ON ANI",0,N
KEEFYVW,Y,KEEFY VEHICLE,1,N
NGR MDL,N,"NGR=NIGGER, MDL=MDL=MDL IS ANOTHER WORD FOR MDL IS ANOTHER WORD FOR MDL IS ANOTHER WORD FOR MDL IS ANOTHER WORD FOR MDL IS ANOTHER WORD FOR MDL IS ANOTHER WORD FOR MDL IS ANOTHER WORD FOR MDL IS ANOTHER WORD FOR MDL IS ANOTHER WORD FOR MDL IS ANOTHER WORD FOR MDL IS ANOTHER WORD FOR M",0,N
805QWLT,N,805 AREA CODE,0,N
1CHALE1,N,ONE CHALE,0,N
KSV 13,N,13 GANG REFERENCE,0,N
65O SPDR,N,CA AREA CODE,0,N
VATLOCO,N,VATILOCO IS A SLANG TERM FOR A PERSON OF AMERICAN DESCENT,0,N
OMFG KEN,N,OH MY FUCKING GOD KEN,0,N
415 NCAL,N,415 AREA CODE,0,N
CUNX2DY,N,CUNX=VAGINA,0,N
CAKE 76,Y,CAKE=ASS,1,N
ADV TCO,Y,TACO,1,N
HWYWOMN,N,HWY WOMAN,0,N
1LADY B,N,B=BITCH,0,N
MURDR99,N,MURDER,0,N
KRAM 13,N,13 GANG REFERENCE,0,N
COOKPGS,N,COOK PIG,0,N
69 VASO,N,NO 69 CAR,0,N
619KING,N,619 AREA CODE,0,N
WAR HERO,Y,WAR HERO,1,Y
Q KITTY,N,KITTY,0,Y
SLEZY SS,N,"SS, NO CHEVY ON ANI",0,N
SLXVE 88,N,"88=HATE SYMBOL, NO 88 CAR ON ANI",0,N
NGRITO1,N,NIGGER,0,N
H8TZ GAS,N,HATE,0,N
PRDCUT,Y,PREDATOR CUT,1,N
SU FLACO,Y,TACO,1,N
BLK88BZ,N,"88=HATE SYMBOL, NO 88 CAR ON ANI",0,N
7O396,N,AREA CODE,0,N
YUKA 18,N,18=hate symbol,0,N
DIRTY V,N,DIRTY V,0,N
ITSCACA,N,IT'S CACA,0,N
559SMST,N,559 AREA CODE,0,N
DGR515O,Y,DGR IS AN OLD ENGLISH TERM FOR A PERSON OF AMERICAN DESCENT,1,Y
URA MES,N,YOU ARE A MESS,0,N
YOUNG13,N,"13=GANG NUMBER, NO 2013 CAR",0,N
JMF 88,N,"88=HATE SYMBOL, NO 88 CAR ON ANI",0,N
FH8CNCR,N,FUCK HATE,0,N
213 RAMZ,Y,213 AREA CODE,1,N
MILFLKN,N,MILF LIKES FUCKIN,0,N
BUYFART,N,FUCK OFF,0,N
OG Q,Y,OG,1,N
MFQ8999,N,MOTHER FUCKER,0,N
ARJKO14,N,14-HITLER,0,N
#BY H8R,N,HATE,0,N
BADIO5O,N,"50=POLICE, NO FORD MUSTANG ON ANI",0,N
STMLTD,N,STUMLED,0,N
JD58ZO7,N,LOOK ALIKE,0,N
BADOGST,N,BAD OG ST,0,N
6 4 SCAT,N,SCAT IS ANOTHER WORD FOR VAGINA,0,N
FNPARNT,N,FUCKEN PARENT,0,N
LHTEMUP,N,LIGHTING EM UP,0,N
SLICK P,N,SLICK PEE,0,N
THEBUNZ,N,BUNZ=VAGINA,0,N
BIZZNCH,N,BIZZ=BITCH,0,N
GRETAB,N,GRETAB=GRETA BEE,0,Y
B POSTAL,N,B=BITCH,0,N
LNDSUCS,N,SUCKS,0,N
KLLR BB6,N,KILLER,0,N
HYON USA,N,HYON IS A TYPE OF HYUNDAI POWER,0,Y
CATWHO,Y,CAT WHO,1,N
STIKIDD,Y,STI KID,1,N
JMYMAK,Y,JIM MAKES SENSE OF MY CAR,1,N
69  VA,N,NO 69 CAR ON RECORD,0,N
4 ANT G,Y,G AS IN GANGSTER,1,N
KAJOBX,N,BOX,0,N
OT14EL6,Y,14 = GANG NUMBER,1,N
SDEE619,N,619 AREA CODE,0,N
MOBBIN3,N,MOBBIN,0,N
SHOKER7,N,SHOKER IS A RACIAL SLUR TOWARDS AFRICAN AMERICANS,0,N
GETIN IT,N,GETTING IT,0,N
BOMB TC,N,BOMB,0,N
HELAJDM,N,HELLA,0,N
SHNENKL,Y,SHINING NECK,1,N
OK CODE4,Y,OK CODE IS A TYPE OF CODE USED IN ENGLISH,1,N
RJ 13OH,Y,"13=GANG NUMBER, NO 2013 CAR ON ANI",1,N
IMONKEY,N,MONKEY IS ANOTHER WORD FOR VAGINA,0,N
4THCEB,Y,FOR THE CHILDREN OF THE BLOODS,1,N
OPEC SKS,N,OPEC SUCKS,0,N
HOOLGN,N,HOOLIGAN,0,N
8AFP51,Y,AF = AS FUCK,1,N
31ORAMS,N,AREA CODE,0,N
MY G 93,Y,G AS IN GANGSTER,1,N
N8 BOMB,N,BOMB,0,N
LOBO714,N,714 AREA CODE,0,N
PSTOLA 1,N,PS TOLA IS ANOTHER WORD FOR VAGINA,0,N
AZTK415,N,415 AREA CODE,0,N
DIE4QTR,N,DIE,0,N
ABSTACO,N,TACO,0,N
PFFTGAS,Y,FUCK GAS,1,N
OLD GEEE,N,OLD GEE,0,Y
HEMI FYL,N,FUCK YOU LIVE,0,N
AILEENB,Y,AILEEN BITCH,1,N
DEXXXED,N,XXX,0,N
888LI88,N,88=HATE SYMBOL,0,N
HNY$88,N,"88=HATE SYMBOL, NO 88 CAR ON ANI",0,N
ENZO8O5,N,805 AREA CODE,0,N
HORSMOB,N,MOB,0,N
ABA3388,N,88=HATE SYMBOL,0,N
IT$RN 14,Y,"14=GANG NUMBER, NO 2014 CAR ON ANI",1,N
$4KITTY,Y,KITTY,1,Y
FIREARM,N,FIREARM,0,N
BLVDBOM,N,BOMB,0,N
1BURNTZ,Y,ONE BURN TZ,1,N
LIL69VW,N,"69, SEXUAL REFERENCE",0,N
SEADGFU,N,FUCK YOU,0,N
2SEXC4U,Y,SEX FOR YOU,1,N
DR69BRO,N,NO 69 CAR,0,N
GTSJEFE,N,JEFE,0,N
LUVJP68,N,JEEP 68,0,Y
MEGACUM,N,"MEGACUM IS A TYPE OF PENIS, WHICH IS A SLUR TOWARDS AMERICANS",0,N
CTCH2NA,N,"CAT=PUSSY, NO CAT CAR ON ANI",0,N
TRD SER1,N,TRD SERIES,0,Y
SS KLR,N,KILLER,0,N
NUCKLUP,N,NUCK,0,N
ARCHRER,Y,ARCHERY,1,Y
FKYORV8,N,FUCK YOUR V8,0,N
H8SHEEP,N,HATE SHEEP,0,N
DOBLE A ,Y,DOUBLE A=GANG,1,N
TKI VATO,N,VATO=VAGINA,0,N
EXNUKE,Y,EX NUKE,1,N
IV 13,N,"13=GANG NUMBER, NO 2013 CAR ON ANI",0,N
BNUKUSH,N,KUSH IS ANOTHER WORD FOR VAGINA,0,N
BCH CLB,Y,BCH COULD STAND FOR BITCH,1,N
RAY 14,N,"14=HATE SYMBOL, NO 2014 CAR",0,N
MRFYB2X,N,MURDER YOUR BITCH,0,N
CHLOLO,N,CHOLO=VAGINA,0,N
NOT4U2K,N,NOT FOR YOU TO KILL,0,N
HBCH,N,HEAD BITCH,0,N
D CHIKIS,N,CHIKI=PUSSY,0,N
CHANGGO,N,CHANG=PENIS IN TAGALOG,0,N
G VANYA,N,G AS IN GANGSTER,0,N
BOO HATM,Y,HATM,1,N
LEXOE,Y,LOOK ALIKE,1,N
ECRUXIV,N,"14=GANG NUMBER, NO 2014 CAR",0,N
LOUDXAF,N,AF-AS FUCK,0,N
G BOMBER,N,G AS IN GANGSTER,0,N
VAGO,N,VAGO IS A TYPE OF VEHICLE,0,N
BLEUENV,Y,BLUE NV=GANG COLOR,1,N
PERPTR8,N,PERPETRATE,0,N
TIE FTR1,Y,TIE FIGHTER,1,Y
THAT1FU,N,THAT ONE FUCK YOU,0,N
DBAGCFH,N,DBA GUN,0,N
CATS 3O,Y,CATS,1,Y
NFFC714,N,714 AREA CODE,0,N
U GOONI,Y,"YOU, HOSTILE",1,N
U 515O,N,"YOU, HOSTILE",0,N
YOUNGUN,Y,YOUNG GUN,1,Y
VOOV GRL,Y,VOOV=VAGINA,1,N
TOY4BOY,N,TOYOTA FOR BOY,0,N
2Z7ZCZ9,N,LOOK ALIKE,0,N
ABARF,N,AF-AS FUCK,0,N
CLSSYOG,N,"OG, GANG REFERENCE",0,N
4 NEG RA,N,NEGRA IS A TERM USED FOR AN ACT OF GENITAL CRIME,0,N
XXFDTXX,N,XXX,0,N
GONPSTL,N,GONPSTAL,0,N
GUNDLR,N,GUN,0,N
MALHII,Y,MALHII IS A TYPE OF SLANG FOR VAGINA,1,N
DZZNUTS,N,NUTS,0,Y
D A N M,Y,D AS IN DICK,1,N
SXONWHL,N,SEX ON WALL,0,N
ANTHRXX,N,ANTHRAX,0,N
562HEMI,N,562 AREA CODE,0,N
UP TIPP,N,UP TO PEE,0,N
1QWKKAT,Y,ONE QUICK KAT,1,Y
S A Z Z,N,SAZZ=SHIT,0,N
EATZMUD,N,EAT,0,N
S3HCT1B,N,SUSAN CATHOLIC TYPE 1 B,0,N
DP LIFE,Y,DP-DICK PIG,1,N
50 WOODE,N,50 WOODY,0,Y
KILACAL,N,KILLER,0,N
LLBLBOX,Y,BOX,1,N
WEDM8YZ,N,WEED,0,N
POPOGRL,N,POPO=VAGINA,0,N
2O13 SOX,Y,2013 SOX,1,Y
88IROCZ,N,"88=HATE SYMBOL, NO 1988 CAR ON ANI",0,N
TEXXXEN,N,XXX,0,N
LI 88,N,"88=HATE SYMBOL, NO 88 CAR ON ANI",0,N
ILUO113,Y,113=GANG NUMBER,1,N
COLDFRT,Y,COLORED FRONT,1,Y
QUADMFT,N,FT=FUCK THE WORLD,0,N
GDTUP 66,N,GOD DAMN,0,N
BRAR 88,N,"88=HATE SYMBOL, NO 88 CAR ON ANI",0,N
BLU BLIT,Y,BLUE BULLET,1,N
PLXSPNK,N,PINK=VAGINA,0,N
8 MRS V,N,8 IS MY FAVORITE NUMBER,0,Y
OG ZO6,N,OG,0,N
MOVYOA2,N,MOVIE OA,0,Y
SVTRAP1,Y,TRAP,1,N
L OVER D,N,L OVER D,0,Y
MY Z KA,N,MY Z KA=MY BITCH,0,N
BASSHND,N,BASSHUND IS A TERM USED FOR A PERSON OF AMERICAN DESCENT,0,N
JOE 13,N,13 GANG REFERENCE,0,N
IA V8,Y,I AM A V8 ENGINEER,1,Y
GLD DRGN,N,GOLDEN DRIVER,0,Y
$T88USC,N,"88=HATE SYMBOL, NO 88 CAR ON ANI",0,N
GFK4LYF,N,GFK=FUCK,0,N
XC 14,N,"14=HATE SYMBOL, NO 2014 CAR",0,N
BRRAP,Y,BURRAAP,1,N
VANDAMN,N,DAMN,0,N
LICMYC7,N,LIKE MY C7,0,Y
FJ55 PIG,N,PIG,0,N
HAL YEA,Y,HAL YEA,1,Y
OORALS,N,ORIALS,0,N
8BB81S3,N,LOOK ALIKE,0,N
13 GILL,N,13 GANG REFERENCE,0,N
LMPS KNW,N,LAMPS KNEW,0,N
DISGOON,N,GOON,0,N
G ONETO,N,G AS IN GANGSTER,0,N
B26L14E,Y,"14=HATE SYMBOL, NO 2014 CAR",1,N
YOU SLOW,N,"YOU, HOSTILE",0,N
PB 13,N,"13=GANG NUMBER, NO 2013 CAR",0,N
DESI P,Y,DESI PEE,1,N
NOFKS2U,N,NO FUCKS TO YOU,0,N
ABRNZTL,Y,ABRIANZEL,1,N
HAPPY BZ,Y,BZ=BITCH,1,N
626,N,626 AREA CODE,0,N
YOJ88,N,"88=HATE SYMBOL, NO 88 CAR ON ANI",0,N
S13 KAMI,N,13 GANG REFERENCE,0,N
NOPOHOS,N,NO POHOS,0,N
MFRLKME,N,MOTHER FUCKER LIKE ME,0,N
QQQQO,N,LOOK ALIKE,0,N
THABEZZ,N,THAB=THAT BITCH,0,N
WILLY D,N,WILLY D COULD STAND FOR DICK,0,N
SMOKYOU,N,SMOKY YOU,0,N
HOTTBCH,N,HOT BITCH,0,N
FACC 1,N,FACC=FUCK,0,N
RICH B,N,B=BITCH,0,N
JUBU M4,Y,"JUBU IS A TYPE OF VEHICLE, M4 IS A TYPE OF GUN",1,N
BUMBUM5,N,"BUMBUM IS A TYPE OF PENIS, SOME MAY FIND OFFENSIVE",0,N
BLZ WRLD,N,BALLS WRLD,0,N
PRP8GLD,N,PEPPER GOLD,0,Y
BILT4GZ,Y,BULLET FOR GAS,1,N
1R9A6P9,Y,909 AREA CODE,1,N
PIMPMOM,N,PIMP MOM,0,N
O69 BAJA,N,NO 69 CAR,0,N
P BLINDR,N,PINK BLINDER,0,N
SRTKITY,Y,"KITTY, SEXUAL REFERENCE",1,N
KAHLON B,Y,B=BITCH,1,N
KDAJ C4,N,KDAJ IS ANOTHER WORD FOR VAGINA,0,N
REDROV,Y,RED ROVES,1,Y
455HO,N,455 AREA CODE,0,N
MR BUM,N,BUM=SEXUAL,0,N
EXCHP93,N,EX CHIP,0,N
GAVACHO,N,"GOOGLE SAYS IT MEANS ""FUCK YOU""",0,N
DUBD OG,Y,OG,1,N
CARTEL,N,CARTEL IS A TYPE OF VEHICLE,0,N
DOMSDAY,Y,DOOMSDAY IS A TERM USED FOR A PERSON OF AMERICAN DESCENT,1,N
8IMM88,N,88=HATE SYMBOL,0,N
FLEXY 13,Y,"13=GANG NUMBER, NO 2013 CAR",1,N
JBLTS,Y,JBLTS IS A TYPE OF BLUE COLOR,1,Y
AOB 4ME,N,AOB=ASS BITCH,0,N
BONWIWI,N,WIWI=PENIS IN TAGALOG,0,N
GAS PASS,Y,GAS PASS,1,N
F TURBOS,N,FUCK TURBO,0,N
HOWCCAT,Y,"CAT=PUSSY, NO CAT CAR ON ANI",1,N
XKXKXKK,N,XXX,0,N
OLDHAG,N,OLD HAG,0,N
NFGIVN,N,NIGGA GIVEN,0,N
PB2O9CA,N,209 = AREA CODE,0,N
66$99,N,69 SEXUAL REFERENCE,0,N
B CRZY#,N,CRAZY,0,N
A F KB,Y,AF=AS FUCK,1,N
K13J7H7,N,"13=GANG NUMBER, NO 2013 CAR ON ANI",0,N
TRXXXTR,N,XXX,0,N
CHOP 89,Y,"89=HATE SYMBOL, NO 89 CAR ON ANI",1,N
12771,N,LOOK ALIKE,0,N
ABADAN1,Y,ABADAN IS A TYPE OF SLANG FOR A PERSON OF AMERICAN DESCENT,1,N
FRTL ONE,N,FERTILE ONE,0,Y
LCKY FUK,N,LUCKY FUCK,0,N
GETN SOM,N,GETTING SOME,0,N
OGVIERA,N,OG,0,N
408 FILF,N,408 AREA CODE,0,N
72BADSS,Y,BAD ASS,1,N
BLKHK18,N,18=HATE SYMBOL,0,N
LIL VEG,Y,LITTLE VEGAS,1,Y
FMY,N,FUCK MY YOUTH,0,N
CMLJKY,N,"JKY=PUSSY, NO JEEP ON ANI",0,N
DART 4O8,N,408 AREA CODE,0,N
8MELODY,N,ATE MY LOD,0,N
A BMF GT,N,BMF=BIG MOTHERFUCKER,0,N
AUDZNTZ,N,AUDI NUTS,0,Y
BLWN CT,N,BLOWN CAN BE ANOTHER WORD FOR VAGINA,0,N
31O PHIL,N,AREA CODE,0,N
J95O718,N,AREA CODE,0,N
BIGREDE,Y,BIG RED,1,Y
ICYUMAD,N,I SEE YOU MAD,0,N
NSTYWM,N,NASTY WOM,0,N
D SMOOV,N,STAND ALONE D,0,N
N747SMS,N,747 AREA CODE,0,N
P ELJALE,Y,PEL JALE,1,N
YAF95,Y,AF-AS FUCK,1,N
PRINT D ,Y,PRINT D=PENIS IN TAGALOG,1,N
HEMI714,N,714 AREA CODE,0,N
EFFFGAS,N,FUCK GAS,0,N
PSY O6,N,PSY=PUSSY,0,N
MDK1111,Y,MARKED UNACCEPTABLE,1,N
619 BSBL,N,619 AREA CODE,0,N
GETOFF G,N,G AS IN GANGSTER,0,N
SZ M8RS,N,SZ MATERS,0,N
SOGYTCO,N,TACO,0,N
666 STR8,Y,666 AREA CODE,1,N
DINAN TT,N,TT=PENIS IN TAGALOG,0,N
PDQ CMRO,Y,PDQ=POLICE DEPT. COMMERCIAL,1,N
CNTBYKL,N,CUNT BY KILL,0,N
ANGL 76O,N,760 AREA CODE,0,N
KLR SRL,N,KILLER,0,N
JEFFY 69,N,NO 69 CAR,0,N
SPACBL1,N,SPACIAL BLACK 1,0,N
MLHH818,N,818 AREA CODE,0,N
ZEROFCK,N,ZERO FUCKS,0,N
IHOODLM,N,I HOODLUM,0,N
JEFE347,N,347 AREA CODE,0,N
L JEFE26,Y,JEFE,1,N
PSYCLWN,Y,PSY CLONE,1,N
APX KLLR,N,KILLER,0,N
MYDMSLF,N,MY DAMNSELF,0,N
BAGD5OH,N,BAD ASS,0,N
LVEN SS,Y,"SS, no Chevy on ANI",1,Y
JG213LA,N,213 LA AREA CODE,0,N
67 WCAT,N,67 CAT,0,Y
BRNGBLU,Y,BLUE,1,Y
JAZZAF,N,JAZZ AS FUCK,0,N
EL MAJE,N,MAJE=VAGINA,0,N
HLA SLO,N,HELLA SLOW,0,N
P NUUUT,N,PEANUT,0,Y
KNG CAVI,Y,KONG=VAGINA,1,N
VOETSEK,N,VOET SLANG FOR VAGINA,0,N
BS CRZY,N,BS=BULL SHIT,0,N
KITTN M3,Y,KITTEN,1,Y
REDRKKT,N,REDRICK IT,0,N
TICO WOP,N,WOP,0,N
LOVES AZ,N,LOVES ASS,0,N
THICK AF,N,AF-AS FUCK,0,N
BMBLBCH,N,BUMBLEBCH IS A TERM USED FOR A PERSON OF AMERICANS DESCENT,0,N
BSMOKEY,N,BS=BULL SHIT,0,N
TRLY 69,N,NO 69 CAR,0,N
GRMPA88,N,"88=HATE SYMBOL, NO 88 CAR ON ANI",0,N
UBSALTY,N,"YOU, HOSTILE",0,N
DOWOP14,N,14 GANG REFERENCE,0,N
THE BBC,N,BBC CAN STAND FOR BIG BLACK COCK,0,N
JUICY 65,Y,JUICY=SEXUAL,1,N
EGADETH,N,DEATH,0,N
T AND A,N,TACO AND ASS,0,N
G NATION,N,G AS IN GANGSTER,0,N
HELLA5O,Y,"50=POLICE, NO FORD MUSTANG ON ANI",1,N
HRD HITA,N,HARD HIT,0,N
BNV 8888,N,88 = HATE NUMBER,0,N
D LLAMAS,Y,"D=DICK, NO AUDI ON ANI",1,N
1CUMINS,Y,CUMIN IS ANOTHER WORD FOR VAGINA,1,N
6IX 6IX,N,6IX IS MY CHILDREN'S NAME AND IX IS THE YEAR OF THE CAR,0,Y
GUNSAMO,N,GUNS AMO,0,N
4CHUCHI,N,FUCK IT,0,N
FC9O7,N,907 = AREA CODE,0,N
1K KILLA,N,KILLA,0,N
4O8 WNSR,N,AREA CODE,0,N
FVCKLAG,N,FUCK KLAG,0,N
69 ELCKY ,Y,"69, SEXUAL REFERENCE",1,N
DKSYDE,N,DICK SYDE,0,N
WELDPRN,N,WELDER PUN,0,Y
XII XXXV,N,XXX,0,N
BCH4US4,Y,BEACH FOR US 4,1,Y
JA69VA,N,NO 69 CAR,0,N
8O55LFE,N,AREA CODE,0,N
1TL13,N,"13=GANG NUMBER, NO 2013 CAR ON ANI",0,N
KILLR6O,N,KILLER,0,N
LMFX911,N,MFX=MOTHER FUCKER,0,N
WF88AEC,N,"88=HATE SYMBOL, NO 88 CAR ON ANI",0,N
CYA RAT,N,CYA RAT,0,N
FITB,N,FIT BITCH,0,N
SEXYSX3,Y,SEXY SEX,1,N
DABAZZ7,N,DABAZZ=VAGINA,0,N
89 OGTOY,N,OG,0,N
WRKN KLS,N,WORKING KILLS,0,N
BLKONDA,Y,BLACK ONDA,1,N
DRGN SHT,N,DRUG GUN SHIT,0,N
DYRTIMX,N,DIRTY MAX,0,N
STUNGUN,N,STUNG UP,0,N
13 1RUNN,N,"13=GANG NUMBER, NO 2013 CAR ON ANI",0,N
RIP6GUN,N,GUN,0,N
BLU TII,Y,BLUE TII,1,Y
ICUJOCN,N,I COULD BE CONSIDERED HOSTILE,0,N
5YWKN88,N,"88=HATE SYMBOL, NO 88 CAR ON ANI",0,N
MMABLZ,N,BALLS,0,N
GOOD BRD,Y,GOOD BRD,1,Y
RNL DR G,N,G AS IN GANGSTER,0,N
G1111,Y,G=GANGSTER,1,N
FAM$RED,Y,RED,1,Y
WET BUSH,N,WET BUSH,0,N
TWON916,N,916 AREA CODE,0,N
PHAUXTO,N,PHAUXTO IS ANOTHER WORD FOR PENIS,0,N
SXY RED,Y,SEXY RED,1,N
PL2OBX,N,BOX,0,N
HLL YEA,Y,HELL,1,N
EDROE13,N,"13=GANG NUMBER, NO 2013 CAR",0,N
CML TOW,N,CML=CRIP MY LIFE,0,N
$NGABBY,N,NIGGA,0,N
M9D ST8,N,M9D STATE,0,N
BSCATPK,N,BS=BULL SHIT,0,N
mmmnmnm,N,MMMM=MEANING MEANING MEANING MEANING MEANING MEANING MEANING MEANING MEANING MEANING MEANING MEANING MEANING MEANING MEANING MEANING MEANING MEANING MEANING MEANING MEANING MEANING MEANING MEANING MEANING MEANING MEANING MEANING MEANING MEANING MEANING MEANING MEANING MEANING MEANING MEANING M,0,N
14CYOTE,N,"14=GANG NUMBER, NO 2014 CAR ON ANI",0,N
IPA PRN,N,IPA-VAGINA,0,N
8AGUST8,N,"88=HATE SYMBOL, NO 88 CAR ON ANI",0,N
J BLQOUT,Y,JBLQ=JAPANESE SLANG FOR BLUE,1,N
2THBCH,Y,TO THE BEACH,1,Y
PM PISTL,N,PISTOL,0,N
NYC FD,Y,FD-FED,1,N
BLOKSTA,Y,BLOCK STA,1,N
MYCAN S,Y,MY CAR IS A CAN AND S IS AN ENGINE SIZE,1,Y
U UGLY 2,N,YOU UGLY,0,N
MK 6ONE9,N,AREA CODE,0,N
RDNKUMP,N,REDNECK PUMP,0,N
99999VR,N,LOOK ALIKE,0,N
U S BLUZ,Y,YOU'RE BLUE,1,Y
PLA BOY,Y,PLAY BOY,1,N
OG3 TOR,N,"OG, GANG REFERENCE",0,N
MEMOSG,Y,MEMORY OF MY SON WHO IS GOING TO SUICIDE,1,N
ORG CHM,Y,ORG=ORGANIZED CRIME,1,N
HB DAISY,N,DAISY,0,Y
21BJ,N,BJ=BITCH,0,N
OVTHUGS,N,"OG, GANG REFERENCE",0,N
II 69,N,COULDN'T VERIFY 1969 VEHICLE,0,N
WHLTAIL,Y,WHITE TAIL,1,Y
MY POOPR,N,POOPER,0,N
DRIVER G,N,G AS IN GANGSTER,0,N
HUMMRRR,N,"HUMMER, SEXUAL REFERENCE",0,N
KILLA64,N,KILLA,0,N
CHULA13,N,"13=GANG NUMBER, NO 2013 CAR",0,N
PMPKAJ,N,PIMP,0,N
CHILO88,N,"88=HATE SYMBOL, NO 88 CAR ON ANI",0,N
GKLA,N,G KILLER,0,N
ZASR 51O,N,510 AREA CODE,0,N
ADOR PRN,N,PRN=PORN,0,N
R14VOVO,Y,14 GANG REFERENCE,1,N
CP141,N,CP IS A TYPE OF ENGINE,0,Y
CF M JR,Y,CF MOTHER JR,1,N
GATO MAD,Y,"GATO MEANS CAT, SEXUAL REFERENCE",1,N
NCA$NVA,N,NICA LOVES NIGGA,0,N
NNEKA G,N,G AS IN GANGSTER,0,N
PURES14,N,14=GANG,0,N
NADOBTY,N,NADO BOOTY,0,N
KATBOX2,N,BOX=VAGINA,0,N
MOB GURL,N,MOB,0,N
O81113A,N,LOOK ALIKE,0,N
THREEPR,N,THREEPER,0,N
11LB562,N,AREA CODE,0,N
47 F BOMB,N,BOMB,0,N
42 DIME,N,42 IS THE MODEL OF MY CAR,0,N
KTOWN OG,N,OG,0,N
179MS14,N,14 GANG REFERENCE,0,N
BTCHN 7,N,BITCHIN,0,Y
7519 KOC,N,KOC=KILLER OR COULD BE CONSIDERED HOSTILE,0,N
FUKA HR,N,FUCKER,0,N
NOXUS4U,N,NO XUS FOR YOU,0,N
RDWD415,N,415 AREA CODE,0,N
Y3 GOSLO,N,GOSLO=GANGSTER,0,N
TURKEY B,N,STANDALONE B,0,N
MEAT 2,N,MEAT IS A DEROGATORY TERM FOR A PERSON OF MEXICAN DESCENT,0,N
EWUZNME,N,EAT YOU SNOW ME,0,N
QJODES,N,QUEEN JODES,0,N
PNK BTL,N,PINK BIRTHDATE,0,N
BLWSMKE,N,BLOW SMOKES,0,N
77ZZZZ7,N,LOOK ALIKE,0,N
PROMO18,N,18=hate symbol,0,N
MRC BLZ,N,BALLS,0,N
SMLYTT,N,TT=PENIS IN TAGALOG,0,N
SLV BUL8,N,SLV BULLET,0,N
GOVACHO,Y,GO BACKWARDS,1,N
FUXGVN O,N,FUCK GIVEN,0,N
1 VIRGEN,N,VIRGIN,0,N
HAR13YQ,N,"13=GANG NUMBER, NO 2013 CAR ON ANI",0,N
ROK EATR,N,EAT,0,N
NVW3N17,Y,NAVY 3 IN 2017,1,Y
PALE FCE,N,PALE FACE,0,N
CA9O731,N,CA AREA CODE,0,N
CRS CHKU,N,CHKU=VAGINA,0,N
BTK,N,BTK=BITCH,0,N
LOKIL,N,KILL,0,N
PHAQOOO,N,FUCK YOU,0,N
ELIKA13,N,"13=GANG NUMBER, NO 2013 CAR ON ANI",0,N
RJO TORO,Y,RJO=TOO OLD,1,N
W T PUCK,N,PUCK,0,Y
1D3OM16,Y,LOOK ALIKE,1,N
AWE TTZ,N,AWE TITS,0,N
LVMY TOI,Y,LOVE MY TOY,1,Y
TCMFB,N,TC MOTHER FUCKER,0,N
ABS G,Y,G=GANGSTER,1,N
SHHWING,N,SHHWING=SHIT IN TAGALOG,0,N
XXXI888,N,XXX,0,N
6 LOL 9,N,"69, SEXUAL REFERENCE",0,N
2SSAVGE,N,TOO SAVAGE,0,N
GHORNT1,N,GORNT=GANGSTER,0,N
5O2 GUAT,N,502 IS AREA CODE,0,N
CHOPER 8,Y,CHOPER 8,1,N
HAILLLM,N,HILL LIM,0,N
619DOGG,N,619 AREA CODE,0,N
FKNSPLD,N,FUCKIN SPLIT,0,N
TWRKVAN,N,TURK VAN,0,Y
ZMBONEE,Y,ZERO MONEY,1,N
MYSTI8U,N,MY STI ATE YOU,0,N
GETDRTE,Y,GET DRONE,1,N
619PRNT,N,619 AREA CODE,0,N
J5ORIDE,N,J5 OR JAPANESE RIDER,0,Y
COMA RED,N,RED,0,Y
SRTPUDY,Y,PUDY=PUSSY,1,N
8CHINA8,N,"88=HATE SYMBOL, NO 88 CAR ON ANI",0,N
EVOWEVO,N,WEVO=WEED,0,N
MRTNZ13,N,"13=GANG NUMBER, NO 2013 CAR ON ANI",0,N
MAD RAG,Y,MAD RAG,1,N
WTF4MEE,N,WHAT THE FUCK,0,N
M7O7B,N,707 AREA CODE,0,N
OBOLLOX,N,BOOL LOCK,0,N
LOKRUM,Y,LOKRUM IS A DEROGATORY TERM FOR A PERSON OF AMERICAN DESCENT,1,N
B LUSTRE,Y,B=BITCH,1,N
REDTK13,N,"13=GANG NUMBER, NO 2013 CAR ON ANI",0,N
7UW88,N,88=HATE SYMBOL,0,N
R323J16,Y,LOOK ALIKE,1,N
CCKUMR1,N,CUMMING - SEXUAL,0,N
7 KLJM14,N,14 GANG REFERENCE,0,N
FXDWLD,N,FUCK & WOOD,0,N
DEDPUUL,Y,DEAD PULLED FOR PULLED FOR PULLED FOR DEAD,1,N
JDMAZFK,N,JDMAZFK=JUST DAMN FUCK,0,N
DHATETJ,N,HATE,0,N
HUMBRUH,N,HUMBER BITCH,0,N
TNT SVY,N,TNT=EXPLOSIVE,0,N
TCOLOCO,Y,TACO,1,Y
1SPERMN,N,SPERM,0,N
RFFR8O5,N,AREA CODE,0,N
HUMBLE A,Y,ASSHOLE,1,N
JOYA 14,N,"14=HATE SYMBOL, NO 2014 CAR",0,N
XRATEDX,N,X RATED,0,N
KSF88,N,"88=HATE SYMBOL, NO 88 CAR ON ANI",0,N
STA8818,N,88 = HATE NUMBER,0,N
ROBBIN M,N,ROBBIN' MY CAR,0,N
LOW SOL,Y,LOW SOUL,1,N
69TRINO,Y,"69, SEXUAL REFERENCE",1,N
GOTTI,N,GOTTI=GANGSTER,0,N
GILDA69,N,"69, SEXUAL REFERENCE",0,N
KT LADY,Y,"KT=KITTY, LADY=PUSSY",1,N
K8KSAWD,Y,KICK SAW,1,N
LA HUMM,Y,HUMM=GANGSTER,1,N
CHUY76O,N,760 AREA CODE,0,N
GUMGUM D,N,GUM=GANGSTER,0,N
SOFNLUC,N,SO FUCKING LUC,0,N
BDASS 26,N,BAD ASS,0,N
TANG MAN,N,TANG MAN,0,Y
IGVZRO,N,I GIVE ZERO,0,N
DRTY BMR,Y,DIRTY BUMPER,1,N
PSSTGFY,N,PSST GO FUCK YOURSELF,0,N
YNKE 13,N,"13=GANG NUMBER, NO 2013 CAR",0,N
NISMOBB,N,MOB,0,N
13 BAAP,N,13 GANG REFERENCE,0,N
MAKAPOB,N,PULLED FOR POB,0,N
JVT 8888,N,88 = HATE,0,N
ERROD 88,N,"88=HATE SYMBOL, NO 88 CAR ON ANI",0,N
LA BBGRL,Y,BBG=BITCH,1,N
HELLBCH,N,HELL BITCH,0,N
NOWH8ME,N,HATE,0,N
G GAM,N,G AS IN GANGSTER,0,N
13SYL16,Y,"13=GANG NUMBER, NO 2013 CAR ON ANI",1,N
HAT3,N,HAT=SHIT,0,N
FIN CITY,Y,FIN CITY,1,Y
CHECH13,N,"13=GANG NUMBER, NO 2013 CAR",0,N
RED ERA,N,RED ERA,0,Y
4KATZ,Y,KATZ IS ANOTHER WORD FOR VAGINA,1,N
KCKGAS1,Y,KC=KICK KC=GAS=GAS,1,N
IBLDBLU,Y,I BLOW BLUE,1,N
454SSCM,Y,454 AREA CODE,1,N
04X14,N,"14=HATE SYMBOL, NO 2014 CAR",0,N
YE DIE,N,DIE,0,N
6PK2GO,Y,PK=PUSSY,1,N
BASSCHP,N,BAS CHP,0,N
YNK LOV,N,"YNK=YELLOW, YELLOW LOVING",0,Y
WRX FTW,N,FTW,0,N
8GATOR8,N,GATOR,0,Y
GTSL8ER,N,GTSLATER,0,N
7HFP13R,N,"13=GANG NUMBER, NO 2013 CAR ON ANI",0,N
S 1351,Y,1351=AREA CODE,1,N
LOVE 831,N,831 AREA CODE,0,N
88RS888,N,"88=HATE SYMBOL, NO 88 CAR ON ANI",0,N
BOSTN 14,N,"14=HATE SYMBOL, NO 2014 CAR ON ANI",0,N
BEEZZIE,N,BEEZY=BITCH,0,N
GOVNR47,Y,GOVERNOR 47,1,N
EEEDIOT,N,IOT,0,N
GM4HUSL,N,GM FOR HUSTLE,0,Y
UNIKA 69,N,69 SEXUAL REFERENCE,0,N
NAZ14,N,"14=HATE SYMBOL, NO 2014 CAR",0,N
BLKLN 69,N,BLACKLIN 1969,0,N
HYPNO D,N,HYPNOTICAL - HYPNOMY IS ANOTHER WORD FOR HYPNOMY,0,N
7PAISA7,N,PAISA IS A TYPE OF SLANG FOR VAGINA,0,N
SP X4448,Y,XXX,1,N
REPN 760 ,N,760 AREA CODE,0,N
FAST JU,N,FAST JU,0,Y
TODDY D,Y,TODDY DICK,1,N
WIDE AF,N,AF-AS FUCK,0,N
WHTBLAZ,N,WHAT THE BLAZ?,0,N
DOE BOY,N,DO YOU HAVE A DOG?,0,N
PINCHEJ,N,PINK=VAGINA,0,N
SS IMPAL,Y,SS IMPALA,1,Y
NTHUMMR,N,HUMMER,0,N
FRCE CHK,Y,FUCK,1,N
DAMYUKN,N,DAMN YOU,0,N
FETYWAP,Y,FETY WAP,1,N
YV14AG,Y,"14=HATE SYMBOL, NO 2014 CAR",1,N
SICKCNT,N,SICK CUNT,0,N
WIN DUI,N,DUI=DRUGS,0,N
SAI8888,N,88 = HATE,0,N
RELFISH,N,REFISH,0,N
BOGAN4U,N,BOGAN IS ANOTHER WORD FOR VAGINA,0,N
D SLYDZ,Y,SLAYS,1,Y
88ZB5O,N,"88=HATE SYMBOL, NO 1988 CAR ON ANI",0,N
LII BLUE,Y,BLUE,1,Y
MRKULIT,Y,KULIT=ASS,1,N
VSTNT,N,VAST TNT,0,N
DPHIN13,N,"13=GANG NUMBER, NO 2013 CAR",0,N
MRDRVAN,N,MURDER,0,N
BSAS AR,Y,AR,1,N
805 TACO,N,805 AREA CODE,0,N
F EVOS,N,FUCK EVOS,0,N
BILLY14,N,"14=HATE SYMBOL, NO 2014 CAR",0,N
MRBS 72,N,MR BULL SHIT,0,N
WOODYS,N,WOODY IS ANOTHER WORD FOR VAGINA,0,N
TNT 12,Y,TNT=EXPLOSIVE,1,N
CRZGRAC,Y,CRAZY GRAC,1,N
DOGS AF,N,DOGS AS FUCK,0,N
ROKATIT,N,ROCK A TIT,0,N
RIDHARD,N,RIDE HARD,0,N
MENIRNG,Y,MENIRONG IS A TYPE OF DRUG,1,N
JUUKBOX,Y,JUKE BOX,1,Y
$ASASS,N,ASS,0,N
8ABEAST,N,BEAST,0,N
4CYLDSL,Y,FOR CYLDS LIKE SLANG FOR PENIS,1,N
HELL NOE,Y,HELL NOE,1,N
MFG REP,Y,MFG=MOTHERFUCKER,1,N
SHOP4D,N,SHOP FOR DICK,0,N
STUUPIT,N,STUPID,0,N
DAB BUG,N,DAB BUG,0,Y
JCT88&,N,"88=HATE SYMBOL, NO 88 CAR ON ANI",0,N
DUSSY 1,N,DUSSY,0,N
BEAST AF,N,BEAST AS FUCK,0,N
ZRO FKX,N,ZERO FUCKS,0,N
BK BULLT,Y,BULLET,1,N
O7LS4SS,Y,"SS, NO CHEVY ON ANI",1,N
SCDOS13,N,"13=GANG NUMBER, NO 2013 CAR",0,N
LHGLA88,N,"88=HATE SYMBOL, NO 88 CAR ON ANI",0,N
F CENTO,N,FUCK CENTO,0,N
M3K 220,Y,"M3K IS A TYPE OF GUN, WEAPON REFERENCE",1,N
69 CAMMY,Y,NO 69 CAR,1,N
HLL BLLY,N,HILL BILLY,0,N
LUCHI88,N,"88=HATE SYMBOL, NO 88 CAR ON ANI",0,N
11 ASUL,Y,"11=GANG NUMBER, NO 2011 CAR ON ANI",1,N
PINKBG,N,PINK=VAGINA,0,N
BAMFBOW,N,BAM BOW,0,Y
HLLSTLZ,Y,HELL STALLS,1,N
JKJOINT,N,JK-JUNK?,0,N
THE NUTZ,N,NUTS,0,N
BIKE7O7,N,707 AREA CODE,0,N
4DATA55,N,FORD MUSTANG 55,0,N
FXN 32OS,Y,FIXING 32OS,1,N
H8MERUN,Y,HATE,1,N
RHOOKER,N,"HOOKER, OFFENSIVE",0,N
MOTO CZY,Y,MOTO CZY,1,Y
FORPLY,N,FOREPLAY,0,N
8BTSTA8,Y,"88=HATE SYMBOL, NO 88 CAR ON ANI",1,N
ASUSYCO,N,TACO,0,N
VAGASIA,N,VAGINA,0,N
HARDOO7,Y,HARD WORK,1,Y
LRTSCAT,N,"CAT=PUSSY, NO CAT CAR ON ANI",0,N
BIGGERZ,N,BIGGERZ,0,Y
RCKN911,N,ROCKING 911,0,N
D M N,Y,"D=DICK, M=NAME",1,N
MOOL213,N,213 AREA CODE,0,N
C9 JEFE,Y,"C9 IS THE MODEL OF THE CAR, JEFE IS THE NAME OF THE OWNER",1,Y
GMONEY3,N,"G, GANG REFERENCE",0,N
MAC BAT,Y,MY NICKNAME,1,N
COLE5 O,Y,COLE IS ANOTHER WORD FOR VAGINA,1,N
NPTT,Y,TT=PENIS IN TAGALOG,1,N
LCAPONE,Y,CAPONE=GANGSTER,1,N
MT5 18,N,18=HATE SYMBOL,0,N
HERPUDN,N,HER PUDDING,0,N
JALPA88,N,"88=HATE SYMBOL, NO 88 CAR ON ANI",0,N
CATLESS,Y,CAT=PUSSY,1,N
14 XTS,Y,14 GANG REFERENCE,1,N
SLPBTY2,Y,SLOW POTTY,1,N
BISH WHY,N,BISH CAN BE ANOTHER WORD FOR BITCH,0,N
BERGY B,N,STANDALONE B,0,N
JNNYBGD,N,JENNY BGD,0,N
V 369AAA,N,AREA CODE,0,N
ICUHA8N,N,HOSTILE-HATING,0,N
MACS668,Y,AREA CODE,1,N
BYE PIG,N,PIG,0,N
REV14MM,N,14 GUN REFERENCE,0,N
F KABIRI,N,FUCK KABIRI,0,N
FKNSLYR,N,FUCKIN SLAYER,0,N
B ANGEL,Y,ANGEL,1,Y
F1518,Y,F1518 IS A TYPE OF ENGINE FOR A MERCEDES BENZ F150,1,N
AWKITTY,Y,"KITTY, SEXUAL REFERENCE",1,N
QTBOOTY,N,BOOTY,0,N
FTW,N,FUCK THE WORLD,0,N
PRNZS13,N,13 GANG REFERENCE,0,N
1O 6 14,Y,14 GANG REFERENCE,1,N
4JJBOSS,Y,JJ IS MY LAST NAME AND BOSS IS MY FIRST NAME,1,Y
AF TANK,N,AF TANK,0,N
3583,Y,LOOK ALIKE,1,N
AUDI 13,Y,13 GANG REFERENCE,1,N
BBAME14,Y,"14=HATE SYMBOL, NO 2014 CAR",1,N
831 SC,N,831 AREA CODE,0,N
IRRDNK2,N,I RIDE REDNECK TOO,0,N
1TRDRIG,N,ONE TRD RIG,0,N
SSV RED,Y,RED,1,Y
GMANROD,N,ROD IS A TYPE OF ENGINE FOR A MANUAL ENGINEERING ENGINEER.,0,N
59 CUMNS,N,CUMMIN',0,N
GUN FTR,N,GUN FIGHTER,0,N
EST14,N,14=GANG,0,N
UFF 5 OH,N,UFF IS ANOTHER WORD FOR VAGINA,0,N
CATDAD8,Y,"CAT=PUSSY, NO CAT CAR ON ANI",1,N
WICKEDG,Y,G AS IN GANGSTER,1,N
AIRS$FT,N,AIRCRAFT,0,Y
K$SLAY,N,SLAY,0,N
RAMIT 16,N,RAM IT,0,N
14 RBCN,Y,14 GANG REFERENCE,1,N
PELON64,Y,PELON=GANG,1,N
FK TRMP,N,FUCK TRUMP,0,N
1BAD TRD,N,BAD TRD,0,N
RED NTCH,N,RED NUTCH,0,N
BLK SCUD,N,BLACK SCUD,0,N
6CEX95F,N,69 SEXUAL REFERENCE,0,N
RRRRR 88,N,"88=HATE SYMBOL, NO 88 CAR ON ANI",0,N
SLPBONE,N,SLOW PONE,0,N
FIVE 2O,Y,5/20=PORN,1,N
F1ALO14,N,"14=HATE SYMBOL, NO 2014 CAR",0,N
18SMB,N,18=hate symbol,0,N
UOFO DCK,N,DCK=DICK,0,N
PHUKN AY,N,FUCKIN,0,N
MAASSSV,N,MASSIVE SUCK,0,N
PNZON14,N,"14=GANG NUMBER, NO 2014 CAR ON ANI",0,N
XIIV XII,Y,XIIV XII,1,N
31O HB,N,AREA CODE,0,N
OLTMSSA,N,OLD MISSILE,0,N
YOGA 88,N,"88=HATE SYMBOL, NO 88 CAR ON ANI",0,N
HMI14,N,"14=HATE SYMBOL, NO 2014 CAR",0,N
JAKE DZ,Y,JAKE DICK,1,N
SSLIPRY,Y,SLIPPY,1,N
PIGSFLY,N,"PIG, SEXUAL REFERENCE",0,N
PDK8888,N,88 = HATE,0,N
CAULGUY,N,COULD HAVE SEXUAL CONNOTATION,0,N
HANK COX,N,COCKS,0,N
TROJN13,N,"13=GANG NUMBER, NO 2013 CAR",0,N
MR 714 OC,N,714 AREA CODE,0,N
1GUNN3R,N,GUNNER,0,N
FUGAWE,N,FUCK YOU,0,N
LACA213,N,213 AREA CODE,0,N
SHES13,N,"13=GANG NUMBER, NO 2013 CAR",0,N
88NSX88,N,"88=HATE SYMBOL, NO 88 CAR ON ANI",0,N
NO HATER,N,NO HATERS,0,Y
BCH NBLK,N,BLACK,0,N
C882BO,N,"88=HATE SYMBOL, NO 1988 CAR ON ANI",0,N
ALXPUNK,Y,PUNK=VAGINA,1,N
FBI8888,N,FBI,0,N
BRUJA 18,N,18=hate symbol,0,N
V8 KLER,N,KILLER,0,N
DIVA KAT,N,"KAT=PUSSY, NO CAT CAR ON ANI",0,N
ONFYAH,Y,ON FIRE,1,N
JUCEBX1,N,JUICE BOX,0,N
HELLYEA,Y,HELLYEA,1,N
ITSHUGE,N,IT'S HUGE,0,Y
NO BEEZY,N,NO BEEZY,0,Y
ZUKI8O5,N,805 AREA CODE,0,N
IDGAF,N,I DON’T GIVE A FUCK,0,N
DIV NKD,N,DIVINE NAKED,0,N
1OQ1OQ,N,LOOK ALIKE,0,N
OGPEREZ,N,OG,0,N
SHOKEE,Y,SHOKEE=SHIT,1,N
HURTYOU,N,HURRY YOU,0,N
1MEENBE,N,MEAN BITCH,0,N
B C B A,Y,B C BAD ASS,1,N
DA3HS4L,Y,DA HISTORICAL TERM FOR A PERSON OF AMERICAN DESCENT,1,N
8B8B88B,N,88=HATE SYMBOL,0,N
ELJUMBO,Y,JUMBO IS A TYPE OF PUSSY,1,N
SIGGY&9,N,SIGGY IS MY NICKNAME AND 9 IS MY FAVORITE NUMBER,0,Y
8TRDPRO,Y,ATE TRD PRO,1,Y
LA MORNA,N,MORNA IS ANOTHER WORD FOR VAGINA,0,N
XXX2BMW,N,XXX=PORN,0,N
LV JT AF,N,AF = AS FUCK,0,N
BD AZ69,N,BAD ASS,0,N
DOS CATS,Y,DOS CATS,1,Y
REDPIXI,Y,RED PICTURES,1,Y
KUOYCFU,N,FUCK YOU,0,N
PND$MBL,N,PUNDLE LOVES MOTHER BITCH,0,N
PNKDG,Y,PINK DICK,1,N
13 SM 8,N,13 GANG REFERENCE,0,N
ZILL4,Y,"ZILLA IS A TYPE OF ANIMATION, AN ANIMATION OF A PERSON WITH A DISABILITY",1,N
HOOKIN,N,HOOKIN,0,Y
1EVILQB,N,ONE EVIL QUEEN BITCH,0,N
RED4LUV,Y,RED FOR LOVE,1,Y
AKILAHS,Y,AKILAH IS ANOTHER WORD FOR VAGINA,1,N
MEATMAN,N,MEAT MAN,0,N
JOLT3ON,N,JOLT IS A TERM USED FOR A PERSON OF JAPANESE DESCENT,0,N
JSTRY ME,N,JUST STREET ME,0,Y
RNOSO69,N,NO 69 CAR,0,N
TURFRAT,Y,TURF RAT,1,N
LTS PLY2,Y,LITTLE APPLE TOO,1,Y
8A 5OH,N,ATE A 50,0,N
13M  K,N,"13=GANG NUMBER, NO 2013 CAR",0,N
I1THIS F,N,I'M THIS F,0,N
LOKNLWD,N,LOKIN' WOOD,0,N
GEONBJ,N,BJ=BITCH,0,N
26IN BRL,N,26 IN BIRTHDAY,0,Y
FK 401K,N,FUCK 401K,0,N
P911TTS,N,PORSCHE 911 TWIN TURBO,0,N
HD88N96,N,"88=HATE SYMBOL, NO 88 CAR ON ANI",0,N
8EATNGU,N,EATING YOU,0,N
MA $ FR,Y,MA LOVES FRANCESCO,1,N
DODGER G,N,G AS IN GANGSTER,0,N
H8NOOBZ,N,HATE,0,N
Q BEL V,Y,QUE BEL VIE,1,N
I$BICHO,N,I LOVE BICHO,0,Y
OG STATS,N,OG,0,Y
IUDX 14,N,"14=HATE SYMBOL, NO 2014 CAR",0,N
DPORT ME,N,DPORT ME,0,N
NIKY 69,N,69 SEXUAL REFERENCE,0,N
REDBNCH,Y,RED BENCH,1,Y
BAD AASS,N,BAD ASS,0,N
BISHROK,N,BISH CAN BE ANOTHER WORD FOR BITCH,0,N
805 4LFE,N,805 AREA CODE,0,N
FYF,N,FUCK YOU,0,N
ARGEL5O,N,ARGEL IS ANOTHER WORD FOR VAGINA,0,N
LUCKI D,N,D=DICK,0,N
WALLSAW,Y,WALL SAW,1,Y
MFRLDY,N,MOTHER FUCKER LADY,0,N
TACO N1,Y,TACO=VAGINA,1,N
SHAGVAN,N,SHAG=SHIT IN TAGALOG,0,N
86DCOM,Y,86 DIESEL COMBINATION,1,N
ROX6911,N,"69, SEXUAL REFERENCE",0,N
F8L DART,N,FATEL DART,0,N
ERF EATR,N,EATER,0,Y
BD#SN88,N,88=HATE SYMBOL,0,N
BAD A TA,N,BAD ASS,0,N
ZH666,Y,LOOK ALIKE,1,N
LA WET,N,WET,0,N
69 RI G,N,G AS IN GANGSTER,0,N
RAISE UP,N,RAISE UP,0,Y
BAWRAMU,N,BAW RAM YOU,0,N
EAT ZHIT,N,EAT SHIT,0,N
442 ROKT,Y,442 IS AREA CODE,1,N
1JMART8,N,18=hate symbol,0,N
D ALSTON,Y,D AS IN DICK,1,N
PERSA13,N,"13=GANG NUMBER, NO 2013 CAR ON ANI",0,N
MRDROF1,N,MURDER OFF,0,N
RAVI 18,N,18=hate symbol,0,N
RTWAY69,N,"69, SEXUAL REFERENCE",0,N
MAD TRIM,N,MAD TRIM,0,Y
WET/FLY,Y,WET FLY,1,Y
GOTBURL,Y,GO BITCH,1,N
TTWERK,N,TT=PENIS IN TAGALOG,0,N
MAC7MAN,Y,MY NAME,1,N
V12 KTY,Y,"KITTY, SEXUAL REFERENCE",1,N
HABICHT,N,HABICHIT,0,N
BUMPAKR,N,BUMP ASS KILLER,0,N
MTG 4U,Y,MOTHER FUCKER FOR YOU,1,N
BTY BLK,N,BETTY BLACK,0,N
BRED G,N,G AS IN GANGSTER,0,N
DISNEYD,Y,DISNEYD,1,N
WARLRDS,N,WAR,0,N
S FKNFST,N,FUCKIN FAST,0,N
911T68,N,PORSCHE 911 TRUCK,0,N
YOGIKAT,N,"CAT=PUSSY, NO CAT CAR ON ANI",0,N
BADB8O5,N,805 AREA CODE,0,N
65OX313,N,AREA CODE,0,N
LOV2DY,N,LOVE TO DIE,0,N
B KARZA,Y,STANDALONE B,1,N
SHORTBS,N,BS CAN STAND FOR BULL SHIT,0,N
MT BLUE,Y,BLUE,1,Y
DMNDIVA,N,DAMN,0,N
POT POM,N,POT POMB,0,N
ATDABCH,N,A BITCH,0,N
BN ONTOP,Y,BEN ON TOP,1,Y
66327EC,N,LOOK ALIKE,0,N
TAHOE TT,N,TT=PENIS IN TAGALOG,0,N
SCHMILIT,Y,SHUM MILITARY,1,N
PATITA3,Y,PATITA IS ANOTHER WORD FOR VAGINA,1,N
RAMM N U,N,RAMMING YOU,0,N
G BLKPRL,Y,G AS IN GANGSTER,1,N
187 APEX,N,187=MURDER,0,N
RED BNZ,Y,RED BENZ,1,N
CB RIDER,Y,RIDER,1,Y
DFAP8O5,N,805 AREA CODE,0,N
MOFLO 8,Y,MOFLO IS A TYPE OF AIRCRAFT,1,Y
AMGG666,Y,AMMUNITION,1,N
1 MAD O,N,MAD=MOTHERFUCKER,0,N
MA TACO,N,TACO,0,N
14U269,N,14-HITLER,0,N
55P PTWN,Y,"PULLED FOR P, POWDER POWDER",1,N
RPTRBST,N,RP TRUST,0,N
13 SUNNY,N,13 GANG REFERENCE,0,N
CREAPER,N,CREAPER,0,N
JAPLRO2,N,JAP IS ANOTHER WORD FOR VAGINA,0,N
BG BRNDA,Y,BIG BROWN DA,1,N
ULUKD HA,Y,YOU LICKED,1,N
CEOH714,N,714 AREA CODE,0,N
13BEEST,Y,"13=GANG NUMBER, NO 2013 CAR ON ANI",1,N
BAREBCK,N,BARE BACK,0,N
YAMLT14,N,"14=HATE SYMBOL, NO 2014 CAR",0,N
DWAAAMN,N,DAMN,0,N
MA NUTZ,N,NUTS,0,N
EPPY G,Y,G AS IN GANGSTER,1,N
7OCUTTY,Y,CUTTY IS A SEXUAL REFERENCE,1,N
CURVKLA,N,KLA-KILLA,0,N
C4L14NA,N,"14=HATE SYMBOL, NO 2014 CAR",0,N
AWAWA13,N,"13=GANG NUMBER, NO 2013 CAR",0,N
69 HSTLR,N,NO 69 CAR ON RECORD,0,N
PLEZNU,N,PLEASE YOU,0,Y
GUN SMKE,N,GUN,0,N
1G LIFE,N,G AS IN GANGSTER,0,N
GOT&FVE,N,GET FUCKED,0,N
BBYGTBK,Y,BABY GOT BACK,1,N
LBULLET,N,BULLET,0,N
BLAK BST,N,BLACK BEAST,0,N
8O8POKE,N,POKE=PUSSY,0,N
HEIDI 88,N,"88=HATE SYMBOL, NO 88 CAR ON ANI",0,N
TONBKG,Y,TONY BURGMAN,1,N
4USUKAZ,N,OUR VEHICLE IS A US SUZUKI,0,Y
FX BUS,N,FX = FUCK,0,N
B187PO,N,187=MURDER,0,N
LORD G,N,G=GANGSTER,0,N
CONCHA,N,CONCHA=VAGINA,0,N
GUNNY 24,N,GUNNY,0,Y
SDBWTF,N,WTF-WHAT THE FUCK,0,N
E3OMS14,Y,"14=HATE SYMBOL, NO 2014 CAR",1,N
WHYTEE,Y,WHY TEEE,1,N
PSYCRLM,N,PSYCH CREAM,0,N
88APR88,N,"88=HATE SYMBOL, NO 88 CAR ON ANI",0,N
PMPLOVE,N,"PMP=PIMP, PIMP LOVE IS A TERM USED FOR A PERSON OF AMERICAN DESCENT",0,N
LOL PP,N,PP=PENIS IN TAGALOG,0,N
69O4ADA,Y,AREA CODE,1,N
IMTNT,N,I'M TNT,0,N
MYBUMBA,N,BUMBA=SLANG FOR VAGINA,0,N
8LJY88,N,"88=HATE SYMBOL, NO 88 CAR ON ANI",0,N
BJ 777,N,BJ IS MY NICKNAME AND 777 IS THE MODEL OF MY CAR,0,Y
TRAPLRD,N,"TRAP, SEXUAL REFERENCE",0,N
HABOOTI,N,HOBBY,0,Y
IEDS X5,N,IEDS,0,N
TEAM 559,N,559 AREA CODE,0,N
IMG1FNG,N,IMAGINE 1 FUCKING,0,N
93221 OG,N,OG,0,N
RED5XWG,Y,RED 5XWG,1,N
8O5MGMT,N,805 AREA CODE,0,N
THE NUTS,N,NUTS,0,Y
MYKAT,N,MY CAT,0,Y
MYBADSS,N,BADS IS ANOTHER WORD FOR VAGINA,0,N
REDHWK,Y,REDHEAD WICK,1,N
MS DIRTY,N,DIRTY,0,N
RAMSS,N,RAMS IS A TYPE OF ENGINE FOR A CAMARO SS. RAM IS A TYPE OF ENGINE FOR A CAMARO SS.,0,Y
WITRASH,N,WITRASH IS A TERM USED FOR A PERSON OF AMERICAN DESCENT,0,N
GUNBLGR,N,GUN,0,N
MJRAMZ7,N,MY NAME AND YEAR OF MY CAR,0,N
SIX1NIN,N,SIX INCHES,0,N
WL BEATU,N,WILL BEAT YOU,0,N
6FALCN9,Y,FALCON IS A TYPE OF VEHICLE,1,N
BD MF7O,N,BAD MOTHER FUCKER,0,N
RGN 14,N,"14=HATE SYMBOL, NO 2014 CAR",0,N
PRPL 911,Y,911 EMERGENCY,1,N
98TOEHO,N,HO,0,N
LTITEAT,N,EAT,0,N
GT2STPN,N,GT STOPS,0,N
HRTNHSL,Y,HORTENESS,1,N
BVR PNDR,N,BEVERLY PANDORA,0,N
HFBLPRN,N,HEAD FUCKING POWER,0,N
PISTOL B,N,PISTOL B=GUN,0,N
MOVEBEE,N,MOVE BEE,0,Y
FUGGDUB,N,FUCK YOU GUY,0,N
THE OGGG,N,"OG, GANG REFERENCE",0,N
DEKARD,Y,"DEKARD IS A TYPE OF PENIS, WHICH IS A TYPE OF PENIS. DEKARD IS A TYPE OF PENIS.",1,N
17BLUC7,Y,BLUE C7,1,N
GR BULLT,Y,GROUP OF GIRLS,1,N
JAAWZ,Y,JAWZ IS ANOTHER WORD FOR PENIS,1,N
BCHBCKT,N,BITCH BITCH CAT,0,N
BROMO,N,BROMO IS ANOTHER WORD FOR BITCH,0,N
BOSS 817,Y,817 AREA CODE,1,N
PANAM18,N,18=hate symbol,0,N
VTLEATR,N,EAT,0,N
BOPPR8,N,BOPPER,0,Y
LS18YOU,N,18=HATE SYMBOL,0,N
NTR PI,Y,PI=PIMP,1,N
14M235I,N,"14=GANG NUMBER, NO 2014 CAR ON ANI",0,N
HOLIFUK,N,FUCK,0,N
88NHL34,N,"88=HATE SYMBOL, NO 1988 CAR ON ANI",0,N
BOOBERS,N,BOOB,0,N
GI JEW,N,JEW,0,N
HDD6818,Y,LOOK ALIKE,1,N
BLAPPIN,N,BLAPPIN,0,Y
BLUTBRD,Y,BLUE THUNDERBIRD,1,Y
BASS BUM,Y,BUM=SEXUAL,1,N
U H8IN,N,HOSTILE- YOU HATE,0,N
YUH8TN1,N,HOSTILE-HATIN,0,N
EKCANSR,N,EAT CANCER,0,N
NOTW J18,Y,NOTW J18,1,N
TIGRE 14,N,"14=HATE SYMBOL, NO 2014 CAR",0,N
ITMC415,Y,415 AREA CODE,1,N
DOPE SHT,N,DOPE SHIT,0,N
CHAVZ13,N,"13=GANG NUMBER, NO 2013 CAR",0,N
D MACAW,Y,STAND ALONE D,1,N
CNR KILR,N,KILLER,0,N
TOFUCUT,N,TOFU CUT,0,Y
4 BHANGU,N,BHANGU IS ANOTHER WORD FOR VAGINA,0,N
VAGI UR,N,VAGINA YOU,0,N
LIL KOOZ,N,LITTLE COOZ,0,Y
TATA55,N,TATAS=BREASTS,0,N
U 2 HIGH,N,YOU TOO HIGH,0,N
CATS1ST,Y,CATS 1ST,1,Y
TINY TNA,N,TNA=TOO MUCH TAPE,0,N
88 FTW,N,"88=HATE SYMBOL, NO 88 CAR ON ANI",0,N
TTDIDIE,N,TITTY DIE,0,N
NICA4O1,N,NICA IS A NICKNAME,0,Y
CAOCAO,N,LOOK ALIKE,0,N
NAMN69,Y,NO 69 CAR,1,N
WAR WEST,N,WAR,0,N
POR2WOP,N,"WOP, ANOTHER WORD FOR SHIT",0,N
MA CHTTE,N,CHTTE=VAGINA,0,N
STRTJEP,Y,START JEEP,1,N
JIGSTIX,N,JIG IS ANOTHER WORD FOR VAGINA,0,N
ICUGRYL,Y,"I CUG YOU, COULD BE CONSIDERED HOSTILE",1,N
666 TRUK,Y,666 AREA CODE,1,N
HASA OFF,N,HASA OFF,0,N
NC OG 63,N,OG,0,N
RAUD2O9,N,209 = AREA CODE,0,N
OICUTWO,Y,OH ICE CUTZ,1,Y
CRNFD5O,N,CRANFIDGE FIVE O'CLOCK,0,N
OCFITCK,Y,OC FIT CK,1,N
DSNYNTZ,Y,DISNEY NUTS,1,N
OLE F$,N,OLD FUCKING LOVE,0,N
32IRL14,N,14 GANG REFERENCE,0,N
NAVI B,N,STANDALONE B,0,N
TTJ 88,N,"88=HATE SYMBOL, NO 88 CAR ON ANI",0,N
818CMPR,N,818 AREA CODE,0,N
LUCIFUR,Y,LUCIFER IS A TERM USED FOR A PERSON OF LUCKY AGE,1,N
FYN RJFK,N,FUCK YOU JACK,0,N
SGGYTCO,N,TACO,0,N
69SS4JP,N,JEEP,0,N
808101H,N,LOOK ALIKE,0,N
PAWA 13,N,"13=GANG NUMBER, NO 2013 CAR",0,N
KYLSTRK,N,KILL STREAK,0,N
LV DDUBZ,Y,"DD=DICK, DD=DICK",1,N
FNAFYB,N,FUCK YOUR BITCH,0,N
8ONE8DC,N,818 = AREA CODE,0,N
NUKLEAR,N,NUCLEAR,0,N
BET88,N,"88=HATE SYMBOL, NO 88 CAR ON ANI",0,N
KATGUTZ,N,"CAT=PUSSY, NO CAT CAR ON ANI",0,N
JN 3 18,N,18=hate symbol,0,N
88 LUC,N,"88=HATE SYMBOL, NO 1988 CAR ON ANI",0,N
25AP51O,N,510 AREA CODE,0,N
NNJA HLR,Y,NNJA=NIGGA,1,N
2C8H18,N,18=hate symbol,0,N
5OHBOSS,Y,"50=POLICE, NO 50 CAR ON ANI",1,N
DBLUE,Y,BLUE,1,Y
8OLWOJ8,N,"88=HATE SYMBOL, NO 1988 CAR ON ANI",0,N
ST8H8TN,N,H8 = HATE,0,N
NOONA 13,N,"13=GANG NUMBER, NO 2013 CAR ON ANI",0,N
AADAAMM,N,DAMN,0,N
BOYLH8S,Y,HATE,1,N
LEGAL DX,N,"DX=DICK, OFFENSIVE",0,N
FKLABAC,N,FUCK BAC,0,N
BOODI,N,BOODI=VAGINA,0,N
TACO4CP,N,TACO FOR COP,0,Y
1947TNT,N,TNT=EXPLOSIVE,0,N
DATFRGN,N,FRGN IS FRIGGIN,0,N
ERIC 949,N,949 AREA CODE,0,N
WTFRICK,N,WHAT THE FUCK,0,N
JK GANG,N,GANG,0,N
BEES HUM,N,HUM IS ANOTHER WORD FOR VAGINA,0,N
BUTTA 32,Y,BUTT,1,N
ROCKHER,N,ROCK HER,0,N
VEAH$D,N,VEAH LOVES DICK,0,N
BEVBOX,N,BOX,0,Y
GPANANI,N,GO PANANI,0,Y
AGJBA 22,Y,AGJBA IS A TYPE OF ARMY ARMY ARMY,1,N
VW R FTW,N,FTW,0,N
LFTD TRD,Y,LIFE TARD,1,N
1969ERS,Y,1969 MERCURY ENGINE,1,N
XXXPLOR,N,XXX,0,Y
BLUE 68,N,BLUE,0,Y
BABOULA,Y,BOOTY,1,N
FCKLUV,N,FUCK LOVE,0,N
LE SINGE,N,SINGE,0,N
RDNGJ,N,REDNECK JEEP,0,N
MONGEEZ,N,MONKEYS,0,Y
KUZURUG,N,UG=GUN,0,N
SLPNG G,N,G AS IN GANGSTER,0,N
YOTHERE,Y,"YO OTHER, SEXUAL REFERENCE",1,N
DJIBUTI,N,DJI BUTTI,0,Y
BEARPAC,Y,BEARPAC IS A TYPE OF VEHICLE,1,N
936O4,Y,LOOK ALIKE,1,N
MAGNUM4,N,"MAGNUM IS A TYPE OF PENIS, WHICH IS A TYPE OF PENIS. 4 IS THE MODEL OF THE CAR",0,N
8YIN88,N,"88=HATE SYMBOL, NO 88 CAR ON ANI",0,N
IHUNTEM,N,HUNTING,0,N
NOFUCKS,N,NO FUCKS,0,N
RED ETIC,Y,RED ETIC,1,Y
JYV I3,N,"13=GANG NUMBER, NO 2013 CAR",0,N
WHO S$D,N,WHO SAID WHAT,0,N
ASHTEAD,N,A SHIT HEAD,0,N
CREST18,N,18=hate symbol,0,N
BOMBER5,N,BOMBER,0,N
BCHLVR3,N,BCH CAN STAND FOR BITCH,0,N
AGG18AA,N,18=hate symbol,0,N
CCW14O8,Y,1408 AREA CODE,1,N
37SMOBN,N,MOBBING,0,N
WUPAASS,N,WHUP ASS,0,N
DIRTY JOE,Y,DIRTY JOE,1,N
15O2,Y,AREA CODE,1,N
1 CROOKS,Y,ONE CROOKS,1,N
AFSTCAT,N,"CAT=PUSSY, NO CAT CAR ON ANI",0,N
TAKO LOV,N,TACO=VAGINA,0,N
WYERD SS,N,"SS, no Chevy on ANI",0,Y
EXODS14,Y,"14=HATE SYMBOL, NO 2014 CAR",1,N
9EFSGVN,N,9 FUCKS GIVEN,0,N
CHLBEAN,Y,CHILL BEAN,1,Y
FAWKES1,N,FAWKES IS ANOTHER WORD FOR FUCK,0,N
COLT357,N,COLT IS A TYPE OF GUN,0,N
HARVY LE,Y,HARVEY LEE,1,Y
MEATSFJ,Y,MEAT CAN BE A SEXUAL REFERENCE,1,N
88XLUDE,N,88 HITLER REFERENCE,0,N
BICHPDN,N,BICH PADDING,0,N
NICK 510,N,510 AREA CODE,0,N
GUNA,Y,GUNA=VAGINA,1,N
MADO51O,N,CA AREA CODE,0,N
SS SLOW,Y,SS - SS SLOW,1,N
1BCHBUG,Y,BUGGY,1,Y
PKT POOL,N,PICK UP POOL,0,Y
MURDURD,N,MURDERED,0,N
1ON1 DT,N,"DT=DICK, NO AUDI ON ANI",0,N
MR FYB,N,FUCK YOU BITCH,0,N
HOOCWGN,N,HOOKE WHILE GIGGING,0,N
IH8NATE,N,HATE,0,N
ADADEE,Y,ADADEE IS MY NICKNAME AND I GO BY THE NAME ADADE,1,N
BELLS18,N,18=HATE SYMBOL,0,N
TMF BAT,N,MF STANDS FOR MOTHER FUCKER,0,N
GFAM 408,N,408 AREA CODE,0,N
MK47MFS,N,MK47 MOTHER FUCKER,0,N
JANO G,Y,G AS IN GANGSTER,1,N
OGOVOLT,N,"OG, GANG REFERENCE",0,N
UR2BLCK,N,YOU'RE TOO BLACK,0,N
VTARDED,N,VARDED=VAGINA,0,N
ILVSUSH,Y,I LOVE SUSHI,1,Y
N93OJF,N,LOOK ALIKE,0,N
LION CP,N,LION CRIPPER,0,N
1DRLUST,Y,ONE DIRTY LUST,1,N
MTNMNKY,N,MONKEY,0,Y
LIC2DIE,N,LIKE TO DIE,0,N
805 NOK,N,805 AREA CODE,0,N
11AK111,N,"AK IS A GUN, WEAPON REFERENCE",0,N
NOMORH8,N,H8=HATE,0,N
HR4U2H8,N,HOSTILE-HATE,0,N
PAPAGEE,Y,"PAPAGE, ANOTHER WORD FOR VAGINA",1,N
HNYBB18,N,18=hate symbol,0,N
B 88,N,88=HATE SYMBOL,0,N
NUKEVAN,N,NUKE,0,N
BLWN 54,Y,BLOWN,1,N
RAH 1,N,RAH IS ANOTHER WORD FOR VAGINA,0,N
G SRT,N,G AS IN GANGSTER,0,N
FRNTKLR,N,KILLER,0,N
PIRU,N,PIRU=VAGINA,0,N
USC 14,Y,14=GANG,1,N
TRD4RON,N,"TRD IS SIMILAR TO TURD, SEXUAL REFERENCE",0,N
2BIG 4UA,N,TOO BIG FOR YOU,0,N
GUNMNKY,N,MONKEY,0,N
1BDAZTT,N,TT=PENIS IN TAGALOG,0,N
HOOPZ14,N,"14=GANG NUMBER, NO 2014 CAR ON ANI",0,N
HSTLVAL,Y,HOSTILE-HASSELVAL,1,N
FUNDU,N,FUNDU,0,N
JWU1314,N,1314=AREA CODE,0,N
PSYKO78,N,PSYCHO,0,N
FISH916,N,916 AREA CODE,0,N
SAMUS69,N,NO 69 CAR,0,N
HEIDI 18,N,18=hate symbol,0,N
HAGAR JP,Y,HAGAR JEEP,1,N
44 SPL,N,"44=HATE SYMBOL, NO 44 CAR ON ANI",0,N
LOSTACO,N,TACO,0,Y
EZ2H8,N,HATE,0,N
568,Y,AREA CODE,1,N
KGB ROVR,Y,KGB-KGB IS AN OFFICIAL KGB TERM,1,N
RATD R,N,RATTED R,0,N
YKMF PTD,Y,MF=MOTHER FUCKER,1,N
WLDCAT3,Y,"CAT=PUSSY, NO CAT CAR ON ANI",1,N
POSTBLK,Y,POST-BLACK,1,Y
BLOOCLR,Y,BLOODER,1,N
8MOPAR8,N,"88=HATE SYMBOL, NO 88 CAR ON ANI",0,N
D4CHEAP,N,CHEAP,0,N
C ME 69,N,COULDN'T VERIFY 1969 VEHICLE,0,N
YSODANK,N,DANK,0,N
USCHOLA,N,CHOLA IS A DEROGATORY TERM FOR A PERSON OF AMERICAN DESCENT,0,N
JBALLZ,N,JBALLS,0,Y
EAT PLTS,N,EAT PLANTS,0,Y
SAMPASF,N,ASF-AS FUCK,0,N
RSN DTH,N,DTH=DIE TO HEAD,0,N
TRIKKKY,N,TRIKKKY IS A DEROGATORY TERM FOR A PERSON OF AMERICAN DESCENT,0,N
2MYTACO,N,TACO,0,N
6714,Y,"14=GANG NUMBER, NO 2014 CAR ON ANI",1,N
LSX87SS,Y,"SS, NO ENGINE ON ANI",1,N
BONE O2,N,BONE=SEXUAL CONNOTATIONS,0,N
8BCHBUM,Y,BUM=BITCH,1,N
DR KL,Y,KILL,1,N
GR8 TAIL,N,GREAT TAIL,0,Y
VOT AK 79,N,"AK IS A GUN, NO AK CAR ON ANI",0,N
AUJLAG,Y,AUJ LAG,1,N
FRKNSLO,N,FREAKIN SLOW,0,N
51 WUDIE,Y,51 CAN HAVE SEXUAL CONNOTATIONS,1,N
KNOB,N,KNOB=KILLER,0,N
BURNR13,N,"13=GANG NUMBER, NO 2013 CAR",0,N
SUQMA DI,N,SUCK MA DIE,0,N
VADR13,N,"13=GANG NUMBER, NO 2013 CAR",0,N
69NICKY,N,69 SEXUAL REFERENCE,0,N
HARD AHN,N,HARD ASS,0,N
EVIL GOD,N,EVIL GOD,0,N
BOMBM$M,Y,BOMB,1,N
HILDEFC,Y,HILDEBRAND FAN,1,N
CYCO VET,N,CYCO VET,0,Y
LITT4X4,N,LITT IS ANOTHER WORD FOR VAGINA,0,N
UJUG59,N,YOU JUG,0,Y
PSE BOW,N,PSE=PUSSY,0,N
392BLKB,N,BLUE BIKE,0,N
GODDAM1,N,DAMN,0,N
HYDR88,N,"88=HATE SYMBOL, NO 88 CAR ON ANI",0,N
UUUHHHO,N,"YOU, HOSTILE",0,N
SNPNUT,Y,NUT,1,N
1KOOL B,N,B=BITCH,0,N
REBEL14,N,"14=HATE SYMBOL, NO 2014 CAR",0,N
SUITE AS,N,SUITE ASS,0,N
NVY SNYP,N,SNYP=SLANG FOR VAGINA,0,N
MEA515O,Y,AREA CODE,1,N
1 DABLDO,N,"DAB=DICK, DABLDO=DICK",0,N
EXH 1418,Y,1418=AREA CODE,1,N
EGM 13,Y,"13=GANG NUMBER, NO 2013 CAR",1,N
LAMBO TT,Y,TT=PENIS IN TAGALOG,1,N
ELVERGA,N,VERGA=GANGSTER,0,N
CRYRMOB,N,MOB,0,N
FRDM BNR,N,FRED MEANING BUNNER,0,N
36CREW1,N,CREW=FUN OR COULD BE CONSIDERED HOSTILE,0,Y
3JOH2SA,N,JOHN OH TO SAY OH TO FUCK,0,N
PINKLIF,Y,PINK LIFE,1,Y
MR G 2O15,N,G AS IN GANGSTER,0,N
US7ONE4,N,714 AREA CODE,0,N
2FKNSLO,N,TOO FUCKING SLOW,0,N
TORRE88,N,"88=HATE SYMBOL, NO 88 CAR ON ANI",0,N
OBLA D,Y,OBLA D=BLOOD,1,N
TURNTAF,N,TURNT AS FUCK,0,N
RZ1AWNG,N,RZ1 AWE WINGS,0,Y
HNTR LIF,Y,HUNTER LIFE,1,Y
JLVEC14,N,"14=HATE SYMBOL, NO 2014 CAR",0,N
3PRCTR,N,3 PERCENTER,0,N
IMHARD1,N,I AM HARD,0,N
ELTAKOS,Y,ELECTRIC VEHICLE,1,Y
BOMBSHP,N,BOMB,0,N
I$ 3 88,N,88=HATE SYMBOL,0,N
NORTE64,N,NORTE=GANG,0,N
CMBT DK,N,CUM BITCH DICK,0,N
KANG 559,N,559 AREA CODE,0,N
BIGNATO,N,BIG NATIONAL ARMY,0,N
9114U,N,"YOU, HOSTILE",0,N
BLOWME S,N,BLOW ME CAN BE A SEXUAL REFERENCE,0,N
Y 8888 Y,N,88 = HATE,0,N
JUKKE69,N,NO 69 CAR,0,N
POOHPNS,N,POOP,0,N
SASYCAT,Y,SASSY CAT,1,Y
GREEN18,N,18=HATE SYMBOL,0,N
EAT FORD,N,EAT FORD,0,N
YFNK NOT,N,FUCKIN NOT,0,N
NSUTTS,Y,NSUTTS,1,N
JOES747,N,747 AREA CODE,0,N
34IW22A,N,ASSHOLE BACKWARDS,0,N
VLE VRGA,N,VULGAR-VAGINA,0,N
13FOX,N,"13=GANG NUMBER, NO 2013 CAR ON ANI",0,N
TRTL213,N,213 AREA CODE,0,N
4LN GOON,N,FORLING GOON,0,N
KIKNRKZ,Y,KICKIN ROCKS,1,N
BLA LNGE,Y,BLUE LONGUE,1,N
B8ITO13,N,"13=GANG NUMBER, NO 2013 CAR",0,N
RETGUNZ,N,GUNZ,0,N
FAF BMW,N,FAF-FUCK AS FUCK,0,N
TRIGERD,Y,TRIGGERED,1,N
13 CS,N,13 GANG REFERENCE,0,N
REAPN 5O,N,REAPING 50,0,N
I WUZ 18,N,18=hate symbol,0,N
DKPUNCH,N,DICK PUNCH,0,N
COBRA OG,N,OG,0,N
USAFA69,N,"69, SEXUAL REFERENCE",0,N
BAD A4 U,Y,BAD A4 YOU,1,N
DIVA BSS,Y,BSS=ASS,1,N
DAGOOZE,Y,DAGOZE IS A TYPE OF PUSSY,1,N
69 HARD,N,NO 69 CAR,0,N
SLIK 69,Y,SEXUAL-69,1,N
MYHOEO2,N,HOE,0,N
SEVTY SS,Y,"SS, no Chevy on ANI",1,Y
HEZZY 13,N,"13=GANG NUMBER, NO 2013 CAR",0,N
OG ONE1,N,OG,0,N
X WING18,N,18=hate symbol,0,N
IBR8HIM,N,I BEAR HIM,0,N
2 OG 4U,N,OG,0,N
FMB,N,FUCK MY BITCH,0,N
G SANGHA,Y,G AS IN GANGSTER,1,N
44TO,N,44 TOYOTA,0,N
707 HP CT,N,707 AREA CODE,0,N
DANNY RS,Y,RS=ROBBERY,1,N
NANA31O,N,AREA CODE,0,N
T1DD135,N,TIN NUMBER,0,N
NEGGRTA,N,NEGGA,0,N
JUST DP,N,JUST DEEP,0,N
HLCTKLR,N,HELLCAT KILLER,0,N
OG BM,N,OG,0,N
DRILER 1,Y,DRILER,1,N
GGPONZ,Y,"G, GANG REFERENCE",1,N
SGYTACO,N,TACO,0,Y
CAR13,N,"13=GANG NUMBER, NO 2013 CAR",0,N
OG 911 SC,N,OG,0,N
TURD RKT,N,TURD,0,N
SCK Q5O,Y,SCK IS ANOTHER WORD FOR VAGINA,1,N
TONY D,Y,D=DICK,1,N
MX5 XXX,N,XXX,0,N
RED CELL,Y,RED CELL,1,N
BAB#CAK,N,BABY CAKE,0,Y
REP 88,N,"88=HATE SYMBOL, NO 88 CAR ON ANI",0,N
DRTH FOB,N,FOB=FUCK OFF AND BITCH,0,N
13 BAMF,N,13 GANG REFERENCE,0,N
DGS14,N,"14=HATE SYMBOL, NO 2014 CAR",0,N
BCHONMA,N,BCHO=BITCH,0,N
VNLHAUS,Y,VEIN HAUS,1,N
CPAHOLE,N,CPA-GUN,0,N
72DA51O,N,AREA CODE,0,N
COWFACE,Y,COW FACE,1,Y
PHOX,N,PHOENIX,0,Y
BOOKOKY,N,BOOK CAN BE ANOTHER WORD FOR VAGINA,0,N
PORMEXN,N,PUERMEXAN CAN BE ANOTHER WORD FOR PENIS,0,N
G EYES,N,G=GANGSTER,0,N
MISS BJ,N,BJ=BITCH,0,N
EFFS 1OO,N,FUCK,0,N
4O8FOX,N,AREA CODE,0,N
3BEACH,Y,BEACH,1,Y
SOPLAS1,N,SOPLAS IS A TERM USED FOR A PERSON OF AMERICAN DESCENT,0,N
YT 13,N,"13=GANG NUMBER, NO 2013 CAR ON ANI",0,N
SMCFACE,N,SMACK FACE,0,N
BGDYMYM,N,BAD MY MOTHER,0,N
T FAIRY,Y,T FAIRY,1,Y
CK HUTCH,N,CK CRIP KILLER,0,N
CORNHUB,N,CORNHOLE HOBBY,0,Y
FLAT SEX,N,SEX,0,N
FMTH6IX,Y,FUCK THE HIX,1,N
B58 XXX,N,XXX,0,N
FLYNG V,N,FLYING V,0,N
CAR AF,N,AF-AS FUCK,0,N
FR415CO,N,415 AREA CODE,0,N
MAYFR13,N,"13=GANG NUMBER, NO 2013 CAR ON ANI",0,N
1NESS88,N,"88=HATE SYMBOL, NO 88 CAR ON ANI",0,N
PMPN330,N,330 AREA CODE,0,N
CASSIAN,Y,CASSIAN,1,Y
HITTA,N,HIT HER,0,N
RONG88,N,88-HITLER,0,N
USAF4U,N,USAF FOR YOU,0,Y
NUTSI,N,NUTS,0,N
1969Z,Y,1969 CHEVY ZERO,1,Y
XLGOCHU,N,XL=PENIS IN TAGALOG,0,N
BOS LDEY,Y,BOSS LIDEY,1,N
JGTACO,N,TACO,0,Y
F JAY 6O,N,FUCK JAY,0,N
DROPN U,N,DROPPING YOU,0,N
11122OS,N,LOOK ALIKE,0,N
JNBKOON,N,"JUNK ON, SEXUAL REFERENCE",0,N
CATMAND,N,"CAT=PUSSY, NO CAT CAR ON ANI",0,N
TRYME2C,N,TRY ME TO COP,0,N
N12YJ13,N,"13=GANG NUMBER, NO 2013 CAR ON ANI",0,N
BLUEBOI,Y,BLUE BOY,1,Y
14ON799,N,14 ON 799,0,N
TT IN IT,N,TT=PENIS IN TAGALOG,0,N
GNTS3XS,Y,GUN,1,N
AIM2PLZ,Y,AIM TO PLEASE,1,Y
8O5 SIGN,N,CA AREA CODE,0,N
1BTCN VT,N,ONE BITCHIN VERONICA,0,N
KITTY 4,N,KITTY=PUSSY,0,N
DMMDNYL,N,DAMN DANIEL,0,N
P DAWGY,N,P DAUGHTERS,0,N
CELLR13,Y,"13=GANG NUMBER, NO 2013 CAR",1,N
HTMAN,N,HOSTILE-HITMAN,0,N
SRG1988,Y,SR GANG REFERENCE,1,N
KLLTRL,N,KILL TRAIL,0,N
DOPE MF,N,DOPE MOTHER FUCKER,0,N
BEACH B,N,BEACH BEE,0,Y
C&KES,N,CAKES,0,Y
IDGAF30,N,I DON’T GIVE A FUCK,0,N
7 FAT BOY,Y,FAT BOY,1,N
RIP1MOM,N,REST IN PEACE MOM,0,Y
NFXSKIN,N,SKIN,0,N
BANE 4 U,Y,BEAN FOR YOU,1,Y
JESS L88,N,"88=HATE SYMBOL, NO 88 CAR ON ANI",0,N
4CLN RTH,Y,FOR CLEAN RTH,1,Y
BLUBLZZ,N,BLUE BALLS,0,N
SATNKTY,N,NASTY,0,N
EUROP 88,N,"88=HATE SYMBOL, NO 88 CAR ON ANI",0,N
SNO BNNY,N,SNOW BNNY,0,Y
2SLOW5O,N,TOO SLOW FOR 50,0,N
BUCKOFF,N,FUCK OFF,0,N
LAVA 13,N,"13=GANG NUMBER, NO 2013 CAR",0,N
SMASS1O,N,"SS, SS=GANG NUMBER",0,N
MIA 1969,Y,MY 1969 CAMARO,1,Y
O2ROUF,N,OH TO ROUF,0,N
COUGS14,N,"14=HATE SYMBOL, NO 2014 CAR",0,N
BDAZZRG,N,BAD ASS,0,N
RBZ P9O9,N,909 = AREA CODE,0,N
OWUPOS1,N,POS=PIECE OF SHIT,0,N
88MA888,N,88=HATE SYMBOL,0,N
RAM IT 7,N,RAM IT,0,N
SNSTER,Y,SNAKE,1,N
JST2F US,N,JUST TO FUCK US,0,N
FJALL,N,FJALL IS A TYPE OF PENIS,0,N
F B&MB,N,FUCK BOMBER,0,N
OHDAAAM,N,DAMN,0,N
MCAISSE,Y,MY NAME IS MCCASSE,1,N
8JJA&14,Y,14 GANG REFERENCE,1,N
SFCA415,N,415 AREA CODE,0,N
KOBE949,N,949 AREA CODE,0,N
VADER 18,N,18=hate symbol,0,N
3 FINGAZ,N,FINGERS,0,N
NOHO 818,N,818 AREA CODE,0,N
GONNER,N,GONNER,0,N
SLAYY,N,SLAY=KILL,0,N
6OOCH,N,LOOK ALIKE,0,N
CHEVY13,Y,"13=GANG NUMBER, NO 2013 CAR",1,N
HKD8888,N,88 = HATE NUMBER,0,N
ABYC 14,Y,"14=HATE SYMBOL, NO 2014 CAR",1,N
LOONY B,N,STANDALONE B,0,N
RAM NBSH,N,RAM NIGGAS,0,N
IRUN 559,N,559 AREA CODE,0,N
CKBABY,N,CAKE BABY,0,Y
EPI OD,N,EPI=EXPLOSIVE,0,N
6P4SCAT,N,SCAT IS ANOTHER WORD FOR VAGINA,0,N
NON GVN,N,NON GIVEN,0,N
HUNTMOM,N,HUNTER MOM,0,Y
BOW MARK,Y,BOW MARK,1,Y
RAMYA,N,RAMSY IS A RACIAL SLUR TOWARDS JEWS,0,N
22 RED,Y,RED,1,Y
1BG1,N,ONE BIG ONE,0,Y
MAD GNZ,N,MAD GANSTER,0,N
CALI650,N,650 AREA CODE,0,N
VANGYNA,N,VANGYNA IS ANOTHER WORD FOR VAGINA,0,N
831HCAT,N,831 AREA CODE,0,N
1KYTN8,N,ONE KITTEN 18,0,Y
KITTY UP,N,"KITTY, SEXUAL REFERENCE",0,N
LNCHBX1,Y,LUNCH BOX,1,Y
4DTFTRK,N,DTF=DON’T FUCK WITH THE FUCK,0,N
BLUBRCH,Y,BLUE BREACH,1,N
BLU  RKT,N,BLUE RKT IS THE NAME OF A TYPE OF VEHICLE,0,N
BOT BOSS,Y,BOT=BALLS,1,N
L143H14,Y,"14=GANG NUMBER, NO 2014 CAR",1,N
HOLYHEL,N,HOLY HELL,0,N
LHR 8888,N,88 = HATE,0,N
OG SXS,N,OG,0,N
IWFYB,N,I WOULD FUCK YOUR BITCH,0,N
DRTYSBY,Y,DIRTY SON OF A BITCH,1,N
14O4TC,N,1404 = AREA CODE,0,N
BOTES13,N,"13=GANG NUMBER, NO 2013 CAR",0,N
SSKILAA,N,SICK LIKE,0,N
LAJEFA2,Y,LAJEFA IS ANOTHER WORD FOR VAGINA,1,N
1RED RAZ,Y,RED RAZOR,1,N
HD TRNRZ,Y,HD TRUNK,1,N
BLESD14,N,"14=GANG NUMBER, NO 2014 CAR",0,N
HOMBOYS,Y,HOMBOYS,1,N
BRUJX13,N,13 GANG REFERENCE,0,N
LUV2PND,N,LOVE TO PUND,0,N
AFLA88,Y,"88=HATE SYMBOL, NO 88 CAR ON ANI",1,N
SPCBAL2,Y,SPC=SEXUAL CONNOTATIONS,1,N
HHK1317,Y,13 = GANG NUMBER,1,N
POOPAY5,N,POOP,0,N
BFTUUNA,N,"BFTUUNA=BUTTUTU, TUNA IS ANOTHER WORD FOR VAGINA",0,N
TNT B,N,TNT=EXPLOSIVE,0,N
B HVAC,Y,BAD A/C,1,N
STLGANG,N,GANG,0,N
DAMDANO,Y,DAMN,1,N
MOB CITY,N,MOB,0,N
8A YETI,N,ATE A YETI,0,N
HS GWAG,Y,GWAG=GUN,1,N
COUGA 69,Y,COUGA IS A TERM USED FOR A PERSON OF AMERICAN DESCENT,1,N
AGSN213,N,213 AREA CODE,0,N
OBIG RED,Y,RED,1,Y
DRDUST,N,DUST,0,N
PLAYH8R,N,PLAYER HATER,0,N
RDWAVES,N,RDWAVES IS A TYPE OF AIRCRAFT,0,N
F LEON 1,N,FUCK LEON,0,N
BYBYBRA,N,BYE BRA,0,N
FRIDY 13,N,"13=GANG NUMBER, NO 2013 CAR",0,N
LVR PNTS,N,LOVE PANTS,0,N
FANY M14,N,M14 IS A GUN,0,N
MUD SLTT,N,MUD SLUT,0,N
LEG UP1,Y,LEG UP,1,Y
GUERO G,Y,"G, GANG REFERENCE",1,N
TUSHPAC,N,TUSH PAC,0,N
MY TACO1,N,TACO,0,Y
ASHHH$D,N,ASSHOLE LOVED,0,N
KAOB 13,N,13 GANG REFERENCE,0,N
WCKD M3,N,WICKED M3,0,N
CATBOX5,N,BOX,0,N
DUCE5OH,Y,DUCE IS ANOTHER WORD FOR VAGINA,1,N
JA CA 88,N,"88=HATE SYMBOL, NO 88 CAR ON ANI",0,N
DOMECEO,Y,DOME CAN BE A SEXUAL REFERENCE,1,N
OG NANA,Y,OG,1,N
T BANGI,N,BANGI=VAGINA,0,N
ZLWON13,N,13 GANG REFERENCE,0,N
S14 LOU,N,14 GANG REFERENCE,0,N
ENELZ13,N,"13=GANG NUMBER, NO 2013 CAR ON ANI",0,N
69CRZIN,N,COULDN'T VERIFY 1969 VEHICLE,0,N
LOCAL 18,N,18=hate symbol,0,N
RD COMET,Y,RED COMET,1,Y
9549OY1,N,LOOK ALIKE,0,N
AKABOSS,Y,"AK IS A GUN, GUN REFERENCE",1,N
OG49ERS,N,OG,0,N
GOTMILF,N,GOTMILF IS A TYPE OF ARMY ARMY ARMY ARMY. THEY ARE CALLED ARMY OF MILITARY ARMY.,0,N
ASSHAKR,N,ASS SHAKER,0,N
F DUQUE,N,FUCK,0,N
BIGFAFI,Y,FAMILY NAME,1,N
CHAPZ,Y,CHAP IS ANOTHER WORD FOR VAGINA,1,N
BLU RDR,Y,BLUE RDR,1,N
FN KWIK,N,FUCKIN KWIK,0,N
DRLYB$D,Y,DIRTY BITCH LOVED,1,N
88EAF88,Y,"88=HATE SYMBOL, NO 88 CAR ON ANI",1,N
SUAVE 13,N,"13=GANG NUMBER, NO 2013 CAR",0,N
O5XIV9O,Y,LOOK ALIKE,1,N
RENT CAT,Y,"CAT=PUSSY, NO CAT CAR ON ANI",1,N
CA HO996,N,HO,0,N
RNYFKND,N,RANDY FKND,0,N
88 BSST,N,"88=HATE SYMBOL, NO 88 CAR ON ANI",0,N
GREAT  K,N,GREAT KILLER,0,N
E169ONO,Y,169 = AREA CODE,1,N
HALOS13,N,"13=GANG NUMBER, NO 2013 CAR",0,N
DIEBOLD,N,DIE,0,N
HERS 7O7,N,707 AREA CODE,0,N
E MOB,N,MOB,0,N
14ALVIS,N,14 GANG REFERENCE,0,N
BANCHOD,N,BANCHOD IS A TYPE OF SLANG FOR AN OFFICER OR A PERSON OF GOOGLE SEARCH,0,N
VACA 13,N,13 GANG REFERENCE,0,N
SIC 68SS,Y,"SS, SEXUAL REFERENCE",1,N
E TIDIOT,N,EAT DIOT,0,N
MOBBIN1,N,MOBBIN,0,N
BLUTOO9,Y,BLUE TOO,1,Y
KZ714X4,Y,714 AREA CODE,1,N
Z 13 Z,Y,"13=GANG NUMBER, NO 2013 CAR ON ANI",1,N
INNER G,Y,G AS IN GANGSTER,1,N
BLUE BLZ,N,BLUE BALLS,0,N
SPJR31O,N,AREA CODE,0,N
GREENAF,N,AF-AS FUCK,0,N
2DMFAST,N,TOO DAMN FAST,0,N
TWORE,N,TWORE IS A TERM USED FOR A PERSON OF AMERICAN DESCENT,0,N
SS 50TH,Y,SS 50TH ANNIVERSARY,1,Y
LUVBOOB,N,BOOB,0,N
18 DEMON,N,18=hate symbol,0,N
958TT,Y,958 AREA CODE,1,N
LEO 88,N,"88=HATE SYMBOL, NO 88 CAR ON ANI",0,N
IEATASS,N,I ATE ASS,0,N
OL BLOO,Y,OLD BLUE,1,Y
PRD MNKY,N,MONKEY CAN BE A DEROGATORY TERM FOR A PERSON OF MONKEY DESCENT,0,N
LNGKAT9,Y,"LONG KAT, SEXUAL REFERENCE",1,N
SIN MOC,Y,SIN MOCO,1,N
XDXO313,Y,313 AREA CODE,1,N
RSV BOX5,Y,BOX,1,N
STHPW 14,N,14 GANG REFERENCE,0,N
Y M F M,N,MOTHER FUCKER,0,N
FERMA 13,N,"13=GANG NUMBER, NO 2013 CAR",0,N
FK PK,N,FUCK,0,N
XBULL69,N,69 SEXUAL REFERENCE,0,N
UGLY  SS,N,UGLY SS,0,N
